SMILES,NAME,Name,LogFile
C(C(F)(F)F)(F)(F)F,C2F6,,
C(C(F)(F)F)(C(F)(F)F)(F)F,C3F8,,
C(C(C(F)(F)F)(F)F)(C(F)(F)F)(F)F,C4F10,,
C(C(C(F)(F)F)(F)F)(C(C(F)(F)F)(F)F)(F)F,C5F12,,
C(C(C(C(F)(F)F)(F)F)(F)F)(C(C(F)(F)F)(F)F)(F)F,C6F14,,
C(C(C(C(F)(F)F)(F)F)(F)F)(C(C(C(F)(F)F)(F)F)(F)F)(F)F,C7F16,,
C(C(C(C(C(F)(F)F)(F)F)(F)F)(F)F)(C(C(C(F)(F)F)(F)F)(F)F)(F)F,C8F18,,
C(C(C(C(C(F)(F)F)(F)F)(F)F)(F)F)(C(C(C(C(F)(F)F)(F)F)(F)F)(F)F)(F)F,C9F20,,
FC(F)(F)C(=O)O,CF3COOH,,
FC(F)(F)C(F)(F)C(=O)O,C2F5COOH,,
FC(F)(F)C(F)(F)C(F)(F)C(=O)O,C3F7COOH,,
FC(F)(F)C(F)(F)C(F)(F)C(F)(F)C(=O)O,C4F9COOH,,
FC(F)(F)C(F)(F)C(F)(F)C(F)(F)C(F)(F)C(=O)O,C5F11COOH,,
FC(F)(F)C(F)(F)C(F)(F)C(F)(F)C(F)(F)C(F)(F)C(=O)O,C6F13COOH,,
FC(F)(F)C(F)(F)C(F)(F)C(F)(F)C(F)(F)C(F)(F)C(F)(F)C(=O)O,C7F15COOH,,
FC(F)(F)C(F)(F)C(F)(F)C(F)(F)C(F)(F)C(F)(F)C(F)(F)C(F)(F)C(=O)O,C8F17COOH,,
FC(F)(F)C(F)(F)C(F)(F)C(F)(F)C(F)(F)C(F)(F)C(F)(F)C(F)(F)C(F)(F)C(=O)O,C9F19COOH,,
FC(F)(F)S(=O)(=O)O,CF3SOOOH,,
FC(F)(F)C(F)(F)S(=O)(=O)O,C2F5SOOOH,,
FC(F)(F)C(F)(F)C(F)(F)S(=O)(=O)O,C3F7SOOOH,,
FC(F)(F)C(F)(F)C(F)(F)C(F)(F)S(=O)(=O)O,C4F9SOOOH,,
FC(F)(F)C(F)(F)C(F)(F)C(F)(F)C(F)(F)S(=O)(=O)O,C5F11SOOOOH,,
FC(F)(F)C(F)(F)C(F)(F)C(F)(F)C(F)(F)C(F)(F)S(=O)(=O)O,C6F13SOOOH,,
FC(F)(F)C(F)(F)C(F)(F)C(F)(F)C(F)(F)C(F)(F)C(F)(F)S(=O)(=O)O,C7F15SOOOH,,
FC(F)(F)C(F)(F)C(F)(F)C(F)(F)C(F)(F)C(F)(F)C(F)(F)C(F)(F)S(=O)(=O)O,C8F17SOOOH,,
FC(F)(F)C(F)(F)C(F)(F)C(F)(F)C(F)(F)C(F)(F)C(F)(F)C(F)(F)C(F)(F)S(=O)(=O)O,C9F19SOOOH,,
CCCCCC\C=C\C(F)(F)C(F)(F)C(F)(F)C(F)(F)F,DTXSID20896664,,
FC(F)(F)C(F)(F)C(F)(F)C(F)(F)\C=C\C(F)(F)C(F)(F)C(F)(F)C(F)(F)C(F)(F)C(F)(F)C(F)(F)C(F)(F)F,DTXSID20896684,,
CC1=C(F)C=C(C=C1)C(F)(F)C(F)(F)F,DTXSID301022642,,
FC(F)(F)C(F)(F)C(F)(F)C(F)(F)C(F)(F)C(F)(F)C1CC2CC1C=C2,DTXSID301026775,,
CC(=C(C(F)(C(F)(F)F)C(F)(F)F)C(F)(C(F)(F)F)C(F)(F)F)C(F)(F)F,DTXSID301026820,,
FC=CC(F)(F)C(F)(F)C(F)C(F)(F)F,DTXSID301026856,,
FC(F)(F)C(F)(F)C(F)(F)C1(F)C(F)(F)C(F)(F)C(F)(F)C(F)(C(F)(F)F)C1(F)F,DTXSID301027559,,
FC(F)(F)C(F)(F)C1(F)C(F)(F)C(F)(F)C(F)(F)C(F)(F)C1(F)C(F)(F)F,DTXSID301027628,,
F[C@@H]([C@@H](F)C(F)(F)C(F)(F)F)C(F)(F)F,DTXSID301043678,,
CC1=C(C)C2(F)C(F)=CC1(F)C(F)(F)C2(F)F,DTXSID301045624,,
FC(F)(F)C(F)(C(F)(F)F)C(F)(F)C(F)(F)C(F)(F)C(F)(F)C=C,DTXSID301169060,,
CC1=C(F)C2=C(C(F)=C1F)C(F)(F)C(F)(F)C(F)=C2F,DTXSID301185577,,
FC(F)(F)C1(F)C(F)(F)C(F)(C(F)(F)F)C1(F)C(F)(F)F,DTXSID301186725,,
CC=CC(F)(C(F)(F)F)C(F)(F)F,DTXSID301233918,,
FC=C(F)C(F)C(F)F,DTXSID301305765,,
F\C(=C(/C(F)(F)F)C(F)(F)C(F)(F)C(F)(F)F)C(F)(C(F)(F)F)C(F)(F)F,DTXSID301342834,,
FC(F)C(F)(F)C(F)(C(F)(F)F)C(F)(F)C(F)(F)F,DTXSID301358788,,
FC(F)(F)C(F)(F)C(F)(F)C(F)(F)C(F)(F)C(F)(F)C(F)(F)C(F)(F)C(F)(F)C(F)(F)C(F)(F)C(F)(F)F,DTXSID30184726,,
CC1=C(F)C(F)(F)C(F)(F)C(F)(F)C1(F)F,DTXSID30215029,,
FC(F)(F)C(F)(F)C(F)(F)C(F)(F)C(F)(F)C(F)(F)C(F)(F)C(F)(F)C(F)(F)C(F)(F)C(F)(F)F,DTXSID30335837,,
CC1=C(C)C(F)(F)C(F)(F)C(F)=C1F,DTXSID30346443,,
FC1=C(C(F)(F)F)C(F)(F)C(F)(F)C1(F)F,DTXSID30379296,,
CCC(F)(F)C(F)(F)C(F)(F)C(F)(F)C(F)(F)C(F)(F)F,DTXSID30379857,,
CC(C)(C)C(F)(F)C(F)C(F)(F)F,DTXSID30444014,,
FC(F)(F)C(F)(F)C(F)(F)CC=C,DTXSID30503716,,
FC(=C)C(F)(F)C(F)(F)F,DTXSID30514307,,
FC(F)C(F)C(F)C(F)F,DTXSID30544669,,
FC(F)(F)C(F)(F)C(F)(F)C(F)(F)C(F)(F)C(F)(F)C(F)(F)C1=CC=CC=C1,DTXSID30549356,,
FC(F)(F)C(F)(F)C(C(F)(F)F)(C(F)(F)F)C(F)(F)F,DTXSID30549371,,
FC(F)C1=CC(F)(F)C(F)(F)C(F)(F)C1(F)F,DTXSID30554440,,
FC1=C(F)C(F)=C(F)C(=C1)C(F)(F)C(F)(F)F,DTXSID30568103,,
FC(F)C(F)(F)C(F)F,DTXSID90987417,,
FC1C(F)(F)C(F)C(F)(F)C1(F)F,DTXSID90998543,,
[H]C12C(F)(F)C(F)(F)C(F)(C1(F)F)C(F)(F)C2(F)F,DTXSID30619341,,
CC(F)C(F)(F)C(F)(F)C(F)(F)F,DTXSID30625826,,
CC1=CC=CC=C1C(F)(F)C(F)(F)C(F)(F)C(F)(F)F,DTXSID30708825,,
FC(F)(F)C(F)(F)C(F)(F)C=CC(F)(F)C(F)(F)C(F)(F)F,DTXSID30709115,,
FC(=C(F)C(F)(F)C(F)(F)C(F)(F)C(F)(F)F)C(F)(F)C(F)(F)F,DTXSID30710605,,
FCC(F)(F)C(F)F,DTXSID3073925,,
FC1=CC(F)(F)C(F)(F)C1(F)F,DTXSID3074654,,
CC1=CC=C(C=C1)C(F)(F)C(F)(F)C(F)(F)C(F)(F)C(F)(F)C(F)(F)C(F)(F)C(F)(F)C(F)(F)F,DTXSID30750728,,
FC(F)(F)C1(F)C(F)(F)C(F)(F)C2(F)C(F)(F)C(F)(F)C(F)(F)C1(C(F)(F)F)C2(F)F,DTXSID30824711,,
CCCCCCCCCCCCCCCCCC(F)(F)C(F)(F)C(F)(F)C(F)(F)C(F)(F)C(F)(F)C(F)(F)C(F)(F)F,DTXSID30826513,,
FC(F)(C1CCCCC1)C(F)(F)C1=CC=CC=C1,DTXSID30832694,,
CC1=CC(=CC=C1)C1C(F)(F)C1(F)F,DTXSID30840850,,
FC(C(F)C(F)(F)C(F)(F)F)C(F)(F)F,DTXSID30869884,,
FC(=C(F)C(F)(C(F)(F)F)C(F)(F)F)C(F)(F)F,DTXSID30880175,,
F[C@H]([C@@H](F)C(F)(F)C(F)(F)F)C(F)(F)F,DTXSID30881349,,
CCC=CC(F)(F)C(F)(F)C(F)(F)F,DTXSID30895183,,
CCCCCCCCCC(F)(F)C(F)(F)C(F)(F)C(F)(F)F,DTXSID30895188,,
CCCC(F)(F)C(F)(F)C(F)(F)C(F)(F)C(F)(F)C(F)(F)C(F)(F)C(F)(F)F,DTXSID30895229,,
F\C(=C(\F)C(F)(F)C(F)(F)C(F)(F)C(F)(F)F)C(F)(F)F,DTXSID30895284,,
CCC(F)(F)C(F)(F)C(F)(F)C(F)(F)C(F)(F)C(F)(F)C(F)(F)C(F)(F)C(F)(F)C(F)(F)C(F)(F)C(F)(F)F,DTXSID30895289,,
F\C=C\C(F)(C(F)(F)F)C(F)(F)F,DTXSID30896296,,
FC(F)=C(F)C(F)(F)C(F)(C(F)(F)F)C(F)(F)F,DTXSID30896312,,
FC(F)(F)[C@]1(F)C(F)(F)[C@](F)(C(F)(F)F)C1(F)F,DTXSID30897526,,
FC(F)(F)C1(F)C(F)(F)C(F)(F)C(F)(F)C2(F)C(F)(F)C(F)(F)C(F)(F)C(F)(F)C12F,DTXSID30897561,,
FC(F)C(F)(F)C(F)(F)C(F)(C(F)(F)F)C(F)(F)F,DTXSID401022952,,
FC=CC(F)C(F)(F)C(F)(C(F)(F)F)C(F)(F)F,DTXSID401026754,,
CC(C)C(F)(C(F)(F)F)C(F)(F)F,DTXSID401026978,,
FC(F)(F)C(F)(F)C(F)(F)C(F)(F)C=CC(C(F)(F)F)(C(F)(F)F)C(F)(F)F,DTXSID401026992,,
FC#CC(F)(F)C(F)(F)C(F)(F)F,DTXSID401027071,,
FC(F)(F)C(F)(F)C(F)(F)C(F)(F)C1(F)C(F)(F)C(F)(F)C(F)(F)C1(F)F,DTXSID401027590,,
CC1=CC2(F)C=CC1(F)C(F)(F)C2(F)F,DTXSID401045627,,
CC1=C(C(F)(F)F)C2(F)C=CC1(F)C(F)(F)C2(F)F,DTXSID401045639,,
FC(F)(F)C(F)(F)C1C2=CC=CC=C2C2=CC=CC=C12,DTXSID401268364,,
CC(F)(F)C(F)(F)C(F)(F)C(F)(F)C(F)(F)C(F)(F)C(F)(F)C(F)=C(F)F,DTXSID401348904,,
FC1(F)C(F)(F)C1(F)C=C,DTXSID401349095,,
F\C=C(\F)C(F)(F)C(F)(F)C(F)(F)C(F)(F)C(F)(F)C(F)(F)C(F)(F)C(F)(F)F,DTXSID401349176,,
CC12C3(F)C11C4(C(C4(F)C3(F)F)C2(F)F)C2(F)C(F)=C(F)C1(F)C(F)(F)C2(F)F,DTXSID401353474,,
FC1(F)C(F)(F)C(F)(F)C(F)(C(F)(F)C1(F)F)C1(F)C(F)(F)C(F)(F)C(F)(F)C(F)(F)C1(F)F,DTXSID40204383,,
FC(F)=C(F)C(F)(F)C(F)(F)C(F)(F)C(F)(F)C(F)(F)C(F)(F)F,DTXSID40204489,,
CCCCC(F)(F)C(F)(F)F,DTXSID40240524,,
FC(C(F)(F)C(F)(F)F)C(F)(F)C(F)(F)C(F)(F)F,DTXSID40338632,,
FC(F)(F)C(F)(F)C(F)(F)C(F)(C(F)(F)F)C(F)(F)F,DTXSID40188992,,
FC(F)(F)C(F)(F)C(F)(F)C(F)(F)C(F)(F)C(F)(F)C(F)(F)C(F)(F)C(F)(F)C(F)(F)C(F)(F)C(F)(F)C(F)(F)C(F)(F)C(F)(F)C(F)(F)F,DTXSID40188997,,
FC(F)(F)C(F)(F)C(F)(F)C(F)(F)C1(F)C(F)(F)C(F)(F)C(F)(F)C(F)(F)C1(F)F,DTXSID40190838,,
CCCCCCCCCCCCCCCCC(F)(F)C(F)(F)C(F)(F)C(F)(F)C(F)(F)C(F)(F)C(F)(F)C(F)(F)F,DTXSID40381981,,
FC(C(F)(F)F)C(F)(F)F,DTXSID4042048,,
FC(F)(F)C(=CC(F)(F)C(F)(F)F)C(F)(F)F,DTXSID40436965,,
FC(F)(F)C(F)(F)C(F)(F)C(F)(F)C(F)(F)C(F)(F)C(F)(F)C(F)(F)C1=CC=CC=C1,DTXSID40447056,,
FC1(F)C2=CC=CC=C2C2=CC=CC=C2C1(F)F,DTXSID40476962,,
FCC(F)(F)C(F)(F)C(F)(F)C(F)(F)C(F)(F)C(F)F,DTXSID40507664,,
CCC(F)(F)C(F)C(F)(F)F,DTXSID40574699,,
[H]C12CCC(C1)(C=C2)C(F)(F)C(F)(F)C(F)(F)C(F)(F)C(F)(F)C(F)(F)F,DTXSID40603731,,
FC(F)C(F)(F)C(F)(F)C(F)(F)C(F)(F)C(F)(F)C(F)F,DTXSID40610223,,
CC1=CC(CC(F)(F)C(F)C(F)(F)F)=CC=C1,DTXSID40614625,,
CC(F)(F)C(F)CF,DTXSID40620125,,
[H]C12C(F)=C(F)C(F)(C1(F)F)C(F)(F)C2(F)F,DTXSID40631458,,
CCCCCCCCCCCCCCCCC(F)(F)C(F)(F)C(F)(F)C(F)(F)C(F)(F)C(F)(F)F,DTXSID40674305,,
FC(F)(F)C(F)(F)C(F)(F)C(F)(F)C(F)(F)C(F)(F)C(F)(F)C(F)(F)C1=CC=C(C=C)C=C1,DTXSID40679875,,
FC(F)C(F)(F)C(F)(F)F,DTXSID4075297,,
CCCCCCCCCC(F)(F)C(F)(F)C(F)(F)C(F)(F)C(F)(F)C(F)(F)F,DTXSID40765262,,
CCCCC(F)C(F)(F)C(F)(F)C(F)(F)C(F)(F)F,DTXSID40767605,,
CCCCCCCCCCCCCCCCCCCCC(F)(F)C(F)(F)C(F)(F)C(F)(F)C(F)(F)C(F)(F)F,DTXSID40837332,,
FC1(F)C(C2=CC=CC3=CC=CC=C23)C1(F)F,DTXSID40840841,,
CC1=C(C)C=C(C=C1)C(F)(F)C(F)(F)F,DTXSID40856563,,
FC(F)(F)C(F)(F)C(F)(F)C(F)(F)C(F)(F)C(F)(F)\C=C\C(F)(F)C(F)(F)C(F)(F)C(F)(F)C(F)(F)C(F)(F)F,DTXSID40880444,,
FC(F)(C1(F)C(F)(F)C(F)(F)C(F)(F)C(F)(F)C1(F)F)C1(F)C(F)(F)C(F)(F)C2(F)C(F)(F)C(F)(F)C(F)(F)C(F)(F)C2(F)C1(F)F,DTXSID40881335,,
FC1C(F)(F)C=C(F)C1(F)F,DTXSID40891737,,
FC(F)(F)C(F)(F)C(F)(F)C=C,DTXSID40895154,,
CCCCCCCCC(F)(F)C(F)(F)C(F)(F)C(F)(F)F,DTXSID40895179,,
CCCCCC(F)(F)C(F)(F)C(F)(F)C(F)(F)C(F)(F)F,DTXSID40895194,,
CCCCCCC(F)(F)C(F)(F)C(F)(F)C(F)(F)C(F)(F)F,DTXSID40895199,,
CCCCCCCCCCCCCCC(F)(F)C(F)(F)C(F)(F)C(F)(F)F,DTXSID40895210,,
CCCCC(F)(F)C(F)(F)C(F)(F)C(F)(F)C(F)(F)C(F)(F)C(F)(F)C(F)(F)F,DTXSID40895230,,
CCCCCC=CC(F)(F)C(F)(F)C(F)(F)C(F)(F)F,DTXSID40895235,,
F\C(=C(\F)C(F)(F)C(F)(F)C(F)(F)F)C(F)(F)F,DTXSID40895250,,
FC(F)(F)C(F)(F)C(F)(F)C(F)(F)C(F)(F)C(F)(F)C(F)(F)C(F)(F)C(F)(F)C=C,DTXSID40895311,,
CCCCCCCCCCCCCCCC(F)(F)C(F)(F)C(F)(F)C(F)(F)C(F)(F)C(F)(F)C(F)(F)C(F)(F)C(F)(F)F,DTXSID40895371,,
FC(F)(F)C(F)(F)C(F)(F)C(F)(F)C(F)(F)C(F)(F)C(F)(F)C(F)(F)C(F)(F)C(F)(F)C(F)(F)C=C,DTXSID40895376,,
FC(F)=C(F)C(F)(F)C(F)(F)C(F)(F)C(F)(F)C(F)(F)C(F)(F)C(F)(F)C(F)(F)C(F)(F)F,DTXSID40895457,,
FC(F)(F)C(F)(F)C(F)(F)C(F)(F)C(F)(F)C(F)(F)C(F)(F)C(F)(F)C(F)(F)C(F)(F)C(F)(F)C(F)(F)C(F)(F)C(F)(F)C=C,DTXSID40895472,,
FC(F)(F)C(F)(F)C(F)(F)C(F)(F)C1=CC=C(C=C)C=C1,DTXSID40895558,,
FC(F)(F)C(F)(F)C(F)(F)C(F)(F)C\C=C/C1=CC=CC=C1,DTXSID40895573,,
F\C(=C(/C(F)(F)C(F)(F)F)C(F)(C(F)(F)F)C(F)(F)F)C(F)(F)F,DTXSID40896328,,
F\C=C(/F)C(F)(F)C(F)(F)C(F)(F)C(F)(F)F,DTXSID40896661,,
FC(F)(F)C(F)(F)C(F)(F)\C=C\C(F)(F)C(F)(F)C(F)(F)F,DTXSID40896666,,
FC(F)(F)C(F)(F)C(F)(F)C(F)(F)C(F)(F)C(F)(F)C(F)(F)\C=C\C(F)(F)C(F)(F)C(F)(F)C(F)(F)C(F)(F)C(F)(F)C(F)(F)F,DTXSID40896686,,
CC=CC(F)(F)C(F)(F)C(F)(F)C(F)(F)C(F)(F)C(F)(F)F,DTXSID40896762,,
FCCC(F)(F)C(F)(F)F,DTXSID40936596,,
FC(F)(F)C(F)(F)C(F)(F)C(F)(F)\C=C\C(F)(F)C(F)(F)C(F)(F)C(F)(F)F,DTXSID501021202,,
FC(F)C(F)(F)C(F)(F)C(F)C(F)(F)F,DTXSID501026814,,
FC(C(F)(F)F)C(F)(F)C(F)(F)C(F)(F)C(F)(F)F,DTXSID501026933,,
FC1=C(F)C(F)=C(F)C2=C1C(F)(F)C(F)(C(F)(F)F)C2(F)F,DTXSID501027624,,
CC(C)CCC(F)(F)C(F)(F)C(F)(F)C(F)(F)C(F)(F)C(F)(F)F,DTXSID501032625,,
FC(C(F)C(F)(F)C(F)(F)C(F)(F)F)C(F)(F)F,DTXSID501032732,,
FC(F)=CC(F)(C(F)(F)F)C(F)(F)F,DTXSID50896298,,
FC(F)(F)C(F)(F)C(F)(F)C(F)(F)C(F)(F)C(F)(F)C(F)(F)C(F)(F)\C=C\C(F)(F)C(F)(F)C(F)(F)C(F)(F)C(F)(F)C(F)(F)C(F)(F)C(F)(F)F,DTXSID50896692,,
FC1=CC2C(=C(C(F)(F)F)C1(F)C(F)(F)C2(F)F)C(F)(F)F,DTXSID501045620,,
FC1=C(F)C(F)=C(C(F)=C1F)C(F)(F)C(F)(F)C(F)(F)C1=C(F)C(F)=C(F)C(F)=C1F,DTXSID501045670,,
FC(F)(F)C(F)(F)C1=CC=C(C=C1)C(F)(F)C(F)(F)F,DTXSID501267795,,
FC(F)=C1C(F)(F)C(F)(F)C(F)(C(F)(F)F)C1(F)F,DTXSID501348826,,
FC1=C(F)[C@]2(F)C3=C([C@]4(F)CC[C@@]3(F)C4(F)F)[C@@]1(F)C(F)(F)C2(F)F,DTXSID501353477,,
FC1=C(F)C2=C(C(F)=C1F)C(F)(F)C(F)(F)C(F)(F)C2(F)F,DTXSID50177978,,
FC(F)(F)C1(C(F)(F)F)C(F)(F)C(F)(F)C(F)(F)C(F)(F)C1(F)F,DTXSID50181176,,
FC(F)(F)C(F)(C(F)(F)F)C(F)(F)F,DTXSID50188882,,
FC(F)(F)C(F)(F)C(F)(C(F)(F)F)C(F)(F)C(F)(F)F,DTXSID50235603,,
CCCC1=C(CCC)C(F)(F)C1(F)F,DTXSID50298455,,
FC(F)C(F)(F)C(F)=C(F)F,DTXSID50379253,,
FC(F)(F)C(F)(F)C(F)(C=C)C(F)(F)F,DTXSID50379359,,
CCCCCCCCC(F)(F)C(F)(F)C(F)(F)C(F)(F)C(F)(F)C(F)(F)C(F)(F)C(F)(F)F,DTXSID50387373,,
FC(F)(F)C1(F)C(F)(F)C(F)(F)C1(C(F)(F)F)C(F)(F)F,DTXSID50435489,,
FC(C(F)(F)F)C(F)(F)C1CCCC1,DTXSID50442774,,
FC(F)(CC=C)C(F)(F)C(F)(F)C(F)(F)C(F)(F)C(F)(F)CC=C,DTXSID50449869,,
FC1(F)CC2=CC=CC=C2C1(F)F,DTXSID50508824,,
FCC(F)(F)C(F)C(F)(F)F,DTXSID50510942,,
FC(F)(F)C(F)(F)C(F)(F)C1(F)C(F)(F)C(F)(F)C(F)(F)C(F)(F)C1(F)F,DTXSID50515856,,
FC1=CC(F)(F)C(F)(F)C(F)(F)C=C1F,DTXSID50524504,,
CC(C)(CC1=CC=CC=C1)C(F)(F)C(F)C(F)(F)F,DTXSID50528360,,
FCC1=C(F)C(F)(F)C(F)(F)C(F)(F)C1(F)F,DTXSID50547011,,
CCCCC#CC(=C(C)C)C(F)(F)C(F)(F)F,DTXSID50549070,,
CCCCC(F)(F)C(F)C(F)(F)F,DTXSID50574701,,
FC(F)(F)C1(F)C(F)(F)C(F)(F)C(F)(F)C(F)(F)C1(F)F,DTXSID5059874,,
FC(F)(F)C(F)(F)CCC=C,DTXSID50603909,,
FCC(F)(F)C(F)(F)C(F)(F)C(F)(F)C(F)(F)C(F)(F)C(F)(F)F,DTXSID50612617,,
FC(F)C(F)(F)C(F)(F)C(F)(F)C(F)(F)C(F)(F)C(F)(F)C(F)(F)C(F)(F)C(F)(F)C(F)(F)C(F)(F)C(F)(F)C(F)(F)C(F)(F)F,DTXSID50616670,,
FCC(F)(CF)C(F)F,DTXSID50617526,,
FC(F)C(F)C(F)(F)C(F)(F)F,DTXSID50618977,,
FCCC(F)C(F)F,DTXSID50620131,,
FC1(F)C(C2=CC=CC=C2)C1(F)F,DTXSID50660052,,
FC(F)C(F)(F)C(F)(F)C(F)(F)C(F)(F)C(F)F,DTXSID5075230,,
FC1(F)C(F)(F)C(F)(F)C(F)(F)C(F)(F)C1(F)F,DTXSID5075232,,
FC(F)C(F)(F)C(C(F)F)(C(F)F)C(F)F,DTXSID50759612,,
FC(C(F)=C(F)C(F)(F)C(F)(F)F)=C(F)C(F)(F)C(F)(F)F,DTXSID50761735,,
CCCC1=CC=C(C=C1)C(F)(F)C(F)(F)F,DTXSID50856559,,
FC1CC(F)(F)C(F)(F)C1(F)F,DTXSID50880218,,
FC(F)(F)[C@]1(F)C(F)(F)[C@@](F)(C(F)(F)F)C1(F)F,DTXSID50880359,,
F[C@H]([C@H](F)C(F)(F)C(F)(F)F)C(F)(F)F,DTXSID50881346,,
CCCCCCCCCCCCCCCCCCCCC(F)(F)C(F)(F)C(F)(F)C(F)(F)C(F)(F)C(F)(F)C(F)(F)F,DTXSID50881381,,
FC(F)(F)C(F)(C(F)(F)F)C(F)(F)C1(F)C(F)(F)C(F)(F)C2(F)C(F)(F)C(F)(F)C(F)(F)C(F)(F)C2(F)C1(F)F,DTXSID50893343,,
CC(F)(F)C(F)(F)C(F)(F)F,DTXSID50894956,,
FC(F)C(F)(F)C(F)(F)C(F)(F)C(F)(F)F,DTXSID50895160,,
CCCCC(F)(F)C(F)(F)C(F)(F)C(F)(F)F,DTXSID50895165,,
FC(F)(F)C(F)(F)C(F)(F)C(F)(F)CC=C,DTXSID50895180,,
CCCCCCCCCCCCC(F)(F)C(F)(F)C(F)(F)C(F)(F)F,DTXSID50895201,,
FC(F)(F)C(F)(F)C(F)(F)C1=CC=CC=C1,DTXSID50895206,,
CCCCCCCC(F)(F)C(F)(F)C(F)(F)C(F)(F)C(F)(F)C(F)(F)F,DTXSID50895221,,
CCCCCCCC(F)(F)C(F)(F)C(F)(F)C(F)(F)C(F)(F)C(F)(F)C(F)(F)F,DTXSID50895241,,
CCCCCC(F)(F)C(F)(F)C(F)(F)C(F)(F)C(F)(F)C(F)(F)C(F)(F)C(F)(F)F,DTXSID50895246,,
FC(=CC(F)(F)C(F)(F)C(F)(F)F)C(F)(F)C(F)(F)F,DTXSID50895261,,
CCCCCC=C(C)C(F)(F)C(F)(F)C(F)(F)C(F)(F)F,DTXSID50895281,,
CCCCCCCCCCCCCCCCC(F)(F)C(F)(F)C(F)(F)C(F)(F)C(F)(F)C(F)(F)C(F)(F)F,DTXSID50895322,,
FC(F)C(F)(F)C(F)(F)C(F)(F)C(F)(F)C(F)(F)C(F)(F)C(F)(F)C(F)(F)C(F)(F)C(F)(F)C(F)(F)C(F)(F)C(F)(F)F,DTXSID50895342,,
FC(F)(F)C(F)(F)C(F)(F)C#CC1=CC=CC=C1,DTXSID50895362,,
FC(=C(F)C(F)(F)C(F)(F)C(F)(F)C(F)(F)C(F)(F)F)C(F)(F)F,DTXSID50895382,,
FC1=C(F)C(F)=C(C(F)=C1F)C(F)(F)C(F)(F)C(F)(F)F,DTXSID50895640,,
FC(F)(F)C(F)(F)C(F)(F)C(F)(F)C(F)(F)C(F)(F)\C=C/C(F)(F)C(F)(F)C(F)(F)C(F)(F)C(F)(F)C(F)(F)F,DTXSID601021924,,
CC1(F)C(F)(F)C(F)(F)C(F)(F)C(C)(F)C(F)(F)C(F)(F)C1(F)F,DTXSID601023099,,
FC1C(F)C(F)(F)C(F)(F)C(F)(F)C1(F)F,DTXSID601020302,,
FC(F)(F)C1(F)C2CC(C3C4CC(C=C4)C23)C1(F)F,DTXSID601026700,,
FCC(F)C(F)(F)C(F)(F)C(F)(F)C(F)(F)F,DTXSID601026924,,
CCCCCCCCC(F)(F)C(F)(F)F,DTXSID601026936,,
CC(F)(F)C(F)(F)C(F)(F)C(F)(F)C(F)(F)C(F)(F)C(F)(F)F,DTXSID601032559,,
FC(F)(F)C1=C(C(F)(F)F)C2(F)C=CC1(F)C(F)(F)C2(F)F,DTXSID601045623,,
CCCCCCC(F)(F)C(F)(F)C(F)(F)C(F)(F)C(F)(F)C(F)(F)C(F)(F)C(F)(F)C(F)(F)C(F)(F)C(F)(F)F,DTXSID601139880,,
FC1C(F)(F)C(F)=CC(F)(F)C1(F)F,DTXSID601288029,,
FCC(F)(F)C(F)(F)C(F)F,DTXSID601348429,,
FC(=C)C(F)(F)C(F)(F)C(F)(F)C(F)(F)C(F)(F)C(F)(F)C(F)(F)F,DTXSID601352103,,
FCC(F)(F)C(F)(F)C(F)(F)C(F)(F)F,DTXSID601358787,,
FC(F)=C(F)C(F)(C(F)(F)F)C(F)(F)F,DTXSID60175945,,
FC(F)(F)C(F)(F)C(F)(F)C(F)(F)C(F)(F)C(F)(F)C(F)(F)C(F)(F)C(F)(F)C(F)(F)C=C,DTXSID60184471,,
FC(F)=C(F)C(F)(F)C(F)(F)C(F)(F)C(F)(F)C(F)(F)C(F)(F)C(F)(F)C(F)(F)F,DTXSID60188833,,
FC(F)C(F)(F)C(F)(F)C(F)(F)C(F)(F)C(F)(F)C(F)(F)C(F)(F)C(F)(F)C(F)(F)F,DTXSID60190951,,
FC(C(F)C(F)(F)F)C(F)(F)F,DTXSID60379668,,
FC(F)C(F)(F)C(F)(F)C(F)(F)C(F)(F)C(F)(F)C(F)(F)C(F)F,DTXSID60379941,,
FC(F)(F)C(F)(C#C)C(F)(F)F,DTXSID60382172,,
FC(F)(F)C(F)(C(F)(F)F)C1(F)C(F)(F)C(F)(F)C(F)(F)C(F)(F)C1(F)F,DTXSID60436109,,
CC(C(F)(F)F)(C(F)(F)F)C(F)(F)C(F)(F)C(F)(F)F,DTXSID60467913,,
FC(F)(F)C(F)(F)C(F)(F)C(F)(F)C=C,DTXSID6047575,,
CC(F)(F)CF,DTXSID60539225,,
FC1(F)CC=CC1(F)F,DTXSID60548579,,
CCC(C(F)(F)F)(C(F)(F)F)C(F)(F)C(F)(F)C(F)(F)F,DTXSID60550319,,
FC(C(F)C(F)(F)C(F)(F)C(F)(F)C(F)(F)F)C(F)(F)F,DTXSID60595543,,
CCCCC(F)(F)C(F)(F)C(F)(F)F,DTXSID60599647,,
CCC(F)C(F)(F)C(F)(F)C(F)(F)F,DTXSID60612461,,
FCC(F)C(F)C(F)(F)F,DTXSID60620122,,
CC(C)(C)C(F)(F)C(F)(F)F,DTXSID60631753,,
FC(=CC(F)(F)F)C(F)(F)C(F)(F)F,DTXSID60694202,,
FC(F)(F)C(CC#C)(C(F)(F)F)C(F)(F)F,DTXSID60698482,,
FCC(F)(F)C(F)(F)C(F)(F)C(F)(F)C(F)(F)F,DTXSID60706091,,
CC=CC(F)(F)C(F)(F)C(F)(F)C(F)(F)C(F)(F)C(F)(F)C(F)(F)C(F)(F)F,DTXSID60709981,,
FC(F)(F)C(=C(C(F)(F)F)C(F)(F)C(F)(F)F)C(F)(F)C(F)(F)F,DTXSID60712076,,
FC1C(F)C(F)(C(F)C(F)(C(F)(F)F)C1(F)F)C(F)(F)F,DTXSID60785482,,
CC1=CC2=C(C=C1)C(F)(F)C(F)(F)C2,DTXSID60840843,,
FC1=C(F)C(F)=C(C(F)=C1F)C(F)(F)C(F)(F)C(F)(F)C(F)(F)C(F)(F)C(F)(F)C(F)(F)C(F)(F)F,DTXSID60850649,,
FC(F)(C1(F)C(F)(F)C(F)(F)C(F)(F)C(F)(F)C1(F)F)C1(F)C(F)(F)C(F)(F)C(F)(F)C2(F)C(F)(F)C(F)(F)C(F)(F)C(F)(F)C12F,DTXSID60881337,,
CCCCCCCCCCCCCCCCCCC(F)(F)C(F)(F)C(F)(F)C(F)(F)C(F)(F)C(F)(F)C(F)(F)C(F)(F)F,DTXSID60881377,,
FC(F)(F)C=CC(F)(F)C(F)(F)C(F)(F)C(F)(F)C(F)(F)F,DTXSID30895300,,
CCCCCCCCCCCCCCCCCCCC(F)(F)C(F)(F)C(F)(F)C(F)(F)C(F)(F)C(F)(F)F,DTXSID30895320,,
CCCCCCCCCC(F)(F)C(F)(F)C(F)(F)C(F)(F)C(F)(F)C(F)(F)C(F)(F)C(F)(F)C(F)(F)F,DTXSID30895325,,
FC(F)(F)C(F)(F)C(F)(F)C=CC(F)(F)C(F)(F)C(F)(F)C(F)(F)F,DTXSID30895340,,
CCCCCCCCCCCCC(F)(F)C(F)(F)C(F)(F)C(F)(F)C(F)(F)C(F)(F)C(F)(F)C(F)(F)C(F)(F)C(F)(F)C(F)(F)C(F)(F)F,DTXSID30895380,,
CCCCCCCCCCCCCCCCC(F)(F)C(F)(F)C(F)(F)C(F)(F)C(F)(F)C(F)(F)C(F)(F)C(F)(F)C(F)(F)C(F)(F)F,DTXSID30895385,,
CCCCCCCCCC(F)(F)C(F)(F)C(F)(F)C(F)(F)C(F)(F)C(F)(F)C(F)(F)C(F)(F)C(F)(F)C(F)(F)C(F)(F)C(F)(F)C(F)(F)F,DTXSID30895406,,
CC1=CC=C(C=C1)C(F)(F)C(F)(F)C(F)(F)C(F)(F)C(F)(F)C(F)(F)F,DTXSID30895623,,
FC1=CC(F)=C(F)C(=C1F)C(F)(F)C(F)(F)C(F)(F)F,DTXSID30895628,,
FC(F)C(F)F,DTXSID60883371,,
FC(F)(F)C(F)(F)C(F)(F)C(F)(F)C(F)(F)C(F)(C(F)(F)F)C(F)(F)F,DTXSID60893354,,
[H]C#CC(C(F)(F)F)(C(F)(F)F)C(F)(F)C(F)(F)C(F)(F)F,DTXSID60893374,,
C\C=C\C(F)(F)C(F)(F)C(F)(F)F,DTXSID60895171,,
CCCCCCCC(F)(F)C(F)(F)C(F)(F)C(F)(F)F,DTXSID60895176,,
CCCCCCCCCCCCCCCCCCC(F)(F)C(F)(F)C(F)(F)C(F)(F)F,DTXSID60895232,,
CCC(F)(F)C(F)(F)C(F)(F)C(F)(F)C(F)(F)C(F)(F)C(F)(F)C(F)(F)C(F)(F)C(F)(F)F,DTXSID60895252,,
CCCCCCCC(F)(F)C(F)(F)C(F)(F)C(F)(F)C(F)(F)C(F)(F)C(F)(F)C(F)(F)F,DTXSID60895257,,
FC(F)(F)C=CC(F)(F)C(F)(F)C(F)(F)C(F)(F)C(F)(F)C(F)(F)F,DTXSID60895338,,
CCCCCCCCCCC(F)(F)C(F)(F)C(F)(F)C(F)(F)C(F)(F)C(F)(F)C(F)(F)C(F)(F)C(F)(F)C(F)(F)F,DTXSID60895353,,
CCCCCCCCCC(F)(F)C(F)(F)C(F)(F)C(F)(F)C(F)(F)C(F)(F)C(F)(F)C(F)(F)C(F)(F)C(F)(F)C(F)(F)C(F)(F)F,DTXSID60895398,,
FC(F)(F)C(F)(F)C(F)(F)C=CC(F)(F)C(F)(F)C(F)(F)C(F)(F)C(F)(F)F,DTXSID60895419,,
FC(F)=C(F)C(F)(F)C(F)(F)C(F)(F)C(F)(F)C(F)(F)C(F)(F)C(F)(F)C(F)(F)C(F)(F)C(F)(F)F,DTXSID60895510,,
FC(F)=C(F)C(F)(F)C(F)(F)C(F)(F)C(F)(F)C(F)(F)C(F)(F)C(F)(F)C(F)(F)C(F)(F)C(F)(F)C(F)(F)F,DTXSID60895515,,
C\C=C\C(F)(F)C(F)(F)C(F)(F)C(F)(F)C(F)(F)C(F)(F)C(F)(F)F,DTXSID60896668,,
FC1C(F)C(F)(F)C(F)(F)C(F)C1(F)F,DTXSID60944799,,
CCC(F)(F)C(F)(F)F,DTXSID701026672,,
FC(F)(F)C1(F)CCC1(F)F,DTXSID701026696,,
CC(F)(F)C(F)(F)C(F)(F)C(F)(F)C(F)(F)C(F)(F)F,DTXSID701032926,,
CC1=C(C)C(F)=C2C(=C1F)C1(F)C(F)=C(F)C2(F)C(F)(F)C1(F)F,DTXSID701045519,,
FC1C(F)(F)C(F)(F)C(F)(F)C1(F)F,DTXSID701045545,,
F\C=C1\CC2(F)C=CC1(F)C(F)(F)C2(F)F,DTXSID701045626,,
FC1=C(F)C2(F)C(=C)CC1(F)C(F)(F)C2(F)F,DTXSID701045638,,
CCCCCCCCCCCCCCCCCCC(F)(F)C(F)(F)C(F)(F)C(F)(F)C(F)(F)F,DTXSID701247113,,
FC1=CC(F)(F)C(F)(F)C(F)(F)C1(F)F,DTXSID701348903,,
CC(F)(F)C(F)C(F)F,DTXSID701352837,,
CC(F)C(F)(F)C(F)F,DTXSID701358780,,
FC(F)(C=C)C(F)(F)C=C,DTXSID70170108,,
FC(F)C(F)(F)C(F)(F)C(F)(F)C(F)(F)C(F)(F)C(F)(F)C(F)(F)C(F)(F)F,DTXSID70335836,,
FC1CC=CCC1(F)F,DTXSID70338882,,
FC(F)(F)C#CC(F)(F)C(F)(F)F,DTXSID70343294,,
CC=CC(F)(F)C(F)(F)C(F)(F)F,DTXSID70379270,,
FC(F)(F)C(F)(F)C(F)(F)C(F)(F)C(F)(F)C(F)(F)C#C,DTXSID70379997,,
CC1=CC(F)(F)C1(F)F,DTXSID70548580,,
FC(F)(F)C(F)(F)C1=CC=CC2=CC=CC=C12,DTXSID70556049,,
FC(F)(F)C(F)(F)C(F)(F)C(F)(F)C(F)(F)C(F)(F)C1=CC=CC2=CC=CC=C12,DTXSID70558861,,
FCCC(F)(F)C(F)(F)C(F)(F)C(F)(F)C(F)(F)C(F)(F)F,DTXSID70593893,,
FC(CC(F)(F)F)C(F)(F)F,DTXSID70380841,,
CCCCCCCCCCCCC(F)(F)C(F)(F)C(F)(F)C(F)(F)C(F)(F)C(F)(F)C(F)(F)C(F)(F)F,DTXSID70381979,,
FC(F)(F)C(C(F)(F)F)(C(F)(F)F)C(F)(F)F,DTXSID70432935,,
FCC(F)(F)C(F)C(F)F,DTXSID70453766,,
FC(F)(F)C(F)(F)C(F)(F)C(F)(F)C(F)(C(F)(F)F)C(F)(F)F,DTXSID70465985,,
FC1C2=C(C(F)=C(F)C(F)=C2F)C(F)(F)C1(F)F,DTXSID70507374,,
CC(F)C(F)(F)C(F)(F)F,DTXSID70514306,,
FC1C(F)(F)C(F)(F)C(F)=C(F)C(F)(F)C1(F)F,DTXSID70515737,,
FC(F)C(F)(F)C(F)(F)C(F)(F)C(F)(F)C(F)(F)C(F)(F)C(F)(F)C(F)(F)C(F)(F)C(F)(F)F,DTXSID70599471,,
CCCCC(F)(F)C(F)(F)C(F)(F)C(F)(F)C(F)(F)C(F)(F)F,DTXSID70611905,,
FC(F)(F)C1(F)C(F)(F)C(F)(F)C(F)(F)C1(F)F,DTXSID7061982,,
FC(F)C(F)(C(F)(F)F)C(F)(F)C(F)(F)C(F)(F)C(F)(C(F)(F)F)C(F)(F)F,DTXSID70660317,,
FC=C(F)C(F)(F)C(F)(F)C(F)(F)F,DTXSID70705873,,
CCCC(F)C(F)(F)C(F)(F)C(F)(F)C(F)(F)C(F)(F)F,DTXSID70706284,,
FC1=C(F)C(F)(F)C(F)(F)C1(F)F,DTXSID7073193,,
FC(F)(F)C(F)(F)C(F)(F)C(F)(F)C(F)(F)C(F)(F)C(F)(F)C(F)(F)C=C,DTXSID7074616,,
CC1=CC=C(C=C1)C(F)(F)C(F)(F)C(F)(F)C(F)(F)C(F)(F)F,DTXSID70750727,,
FC(F)(F)C1(F)CC(F)(F)C1(F)F,DTXSID70752206,,
CC(C(F)(F)F)(C(F)(F)C(F)(F)F)C(F)(F)C(F)(F)F,DTXSID70766363,,
CCCCC\C=C(/F)C(F)(F)C(F)(F)C(F)(F)F,DTXSID70848037,,
CC(C)CC(F)(F)C(F)(F)C(F)(F)C(F)(F)C(F)(F)C(F)(F)F,DTXSID70871522,,
FC(F)(C(F)(F)C1(F)C(F)(F)C(F)(F)C(F)(F)C(F)(F)C1(F)F)C1(F)C(F)(F)C(F)(F)C(F)(F)C(F)(F)C1(F)F,DTXSID70880119,,
FC(F)=C(F)C(F)(F)C(F)(F)C(F)(F)F,DTXSID70880139,,
F\C(=C(\F)C(F)(C(F)(F)F)C(F)(F)F)C(F)(F)F,DTXSID70880159,,
FC(=C(C(F)(C(F)(F)F)C(F)(F)F)C(F)(C(F)(F)F)C(F)(F)F)C(F)(F)F,DTXSID70880250,,
F[C@@H]([C@H](F)C(F)(F)C(F)(F)F)C(F)(F)F,DTXSID70881348,,
FCC(F)C(F)(F)F,DTXSID70883382,,
CCCCCC(F)(F)C(F)(F)C(F)(F)C(F)(F)F,DTXSID70895167,,
CCCC(F)(F)C(F)(F)C(F)(F)C(F)(F)C(F)(F)F,DTXSID70895187,,
CCCCCCCCCC(F)(F)C(F)(F)C(F)(F)C(F)(F)C(F)(F)C(F)(F)C(F)(F)C(F)(F)F,DTXSID70895263,,
FC(=C(F)C(F)(F)C(F)(F)C(F)(F)F)C(F)(F)C(F)(F)F,DTXSID70895283,,
CCCCCCC(F)(F)C(F)(F)C(F)(F)C(F)(F)C(F)(F)C(F)(F)C(F)(F)C(F)(F)C(F)(F)C(F)(F)F,DTXSID70895288,,
CCCCCCCCCCCC(F)(F)C(F)(F)C(F)(F)C(F)(F)C(F)(F)C(F)(F)C(F)(F)C(F)(F)F,DTXSID70895309,,
CCCCCCCCCCCCCC(F)(F)C(F)(F)C(F)(F)C(F)(F)C(F)(F)C(F)(F)C(F)(F)C(F)(F)C(F)(F)C(F)(F)F,DTXSID70895364,,
CCCCCCCCCCC(F)(F)C(F)(F)C(F)(F)C(F)(F)C(F)(F)C(F)(F)C(F)(F)C(F)(F)C(F)(F)C(F)(F)C(F)(F)C(F)(F)F,DTXSID70895384,,
FC(F)(F)C(F)(F)C(F)(F)C(F)(F)C=CC(F)(F)C(F)(F)C(F)(F)C(F)(F)C(F)(F)F,DTXSID70895460,,
CCCCC\C=C\C(F)(F)C(F)(F)C(F)(F)C(F)(F)C(F)(F)C(F)(F)C(F)(F)C(F)(F)F,DTXSID70895465,,
FC(F)(F)C1(C(F)(F)F)C(F)(F)C(F)(F)C1(F)F,DTXSID70897525,,
FC(F)(F)C(F)(F)C(F)(F)C(F)(F)\C=C/C(F)(F)C(F)(F)C(F)(F)C(F)(F)F,DTXSID801021201,,
FC(F)(F)C(F)(F)C#CC1=CC=CC=C1,DTXSID801023033,,
FC(F)=CC(F)(F)C(F)(F)C(F)(F)F,DTXSID801026687,,
CC1C(F)(F)C(F)(F)C(F)(F)C1(F)F,DTXSID801026825,,
CC(C)CCC(F)(F)C(F)(F)C(F)(F)C(F)(F)F,DTXSID801032624,,
FC(F)C(F)(F)C(F)(F)C(F)(F)C=C,DTXSID801032929,,
FC1(F)C2C3C(C2C(F)(F)C3(F)F)C1(F)F,DTXSID801045524,,
CC1=C(C)C2(F)C3=C(C4(F)C=CC3(F)C(F)(F)C4(F)F)C1(F)C(F)(F)C2(F)F,DTXSID801045629,,
CC1=C(C)C2(F)C=CC1(F)C(F)(F)C2(F)F,DTXSID801045631,,
FC(C(F)C(F)C(F)(F)F)C(F)C(F)(F)F,DTXSID801289685,,
FC(F)(F)C(C1C(F)(F)C(F)(F)C(F)(F)C(F)(F)C1(F)F)(C(F)(F)F)C(F)(F)F,DTXSID001021607,,
F[C@H]1[C@@H](F)C(F)(F)C(F)(F)C1(F)F,DTXSID001022279,,
FC(F)C(F)=C(F)C(F)(F)C(F)(F)F,DTXSID001026695,,
FC(F)(F)C=CC(C(F)(F)F)(C(F)(F)F)C(F)(F)C(F)(F)F,DTXSID001026714,,
CCCCCCCCCCC(F)(F)C(F)(F)F,DTXSID001033492,,
CC1=CC(F)=C2C(=C1F)C1(F)C(F)=C(F)C2(F)C(F)(F)C1(F)F,DTXSID001045520,,
FC1=C2C(=C(F)C(F)(F)C1(F)F)C1(F)C(F)=C(F)C2(F)C(F)(F)C1(F)F,DTXSID001045544,,
FC(F)(C=C)C(F)(F)C1CC(F)(F)C1(F)F,DTXSID001045570,,
FC(F)(F)C(F)(F)C1(F)C(F)(F)C(F)(F)C(F)(C(F)(F)F)C(F)(F)C1(F)F,DTXSID001119561,,
FC(F)(F)C1=C(C(F)(F)F)C(F)(C(F)(F)F)C(F)(F)C(F)(C(F)(F)F)C1(F)F,DTXSID001162091,,
CC(C)C1=CC=CC(=C1)C(F)(F)C(F)(F)F,DTXSID001194288,,
CC1(C)CCCCC1C(F)(F)C(F)(F)F,DTXSID001209045,,
CCC(F)(F)C(F)(F)C(F)(F)F,DTXSID001334004,,
CCCCCCCCCCCCCCC(F)(F)C(F)(F)C(F)(F)C(F)(F)C(F)(F)F,DTXSID001334016,,
CC(F)C(F)(F)C(F)(F)C(F)(F)C(F)(F)C(F)(F)C(F)(F)C(F)(F)C(F)F,DTXSID001348857,,
FC(C(F)(F)F)C(F)(F)C(F)C(F)(F)F,DTXSID001358741,,
FC(F)C(F)(F)C(F)C(F)(F)C(F)(F)F,DTXSID001358789,,
FC(=C(C(F)(F)F)C(F)(F)F)C(F)(F)C(F)(F)F,DTXSID00166413,,
FC(F)(F)C(F)(C(F)(F)F)C(F)(F)C(F)(F)C(F)(F)C(F)(F)C(F)(C(F)(F)F)C(F)(F)F,DTXSID00184314,,
FC(F)C(F)(F)C(F)(F)C(F)(F)C(F)(F)C(F)(F)C(F)(F)C(F)(F)F,DTXSID00187143,,
FC(F)=C(F)C(F)(F)C(F)(F)C(F)(F)C(F)(F)C(F)(F)F,DTXSID00188998,,
FC1(F)CC1(F)F,DTXSID00192272,,
FC1(F)C2=C(C(F)(F)C(F)(F)C1(F)F)C(F)(F)C(F)(F)C(F)(F)C2(F)F,DTXSID00203453,,
FC(F)(F)C1(C(F)(F)F)C(F)(F)C(F)(F)C(F)(F)C1(F)F,DTXSID00244104,,
CC(F)(F)C(F)(F)C(F)(F)C(F)F,DTXSID00338350,,
FC(=C(C1=C(C(F)=C(F)C(F)=C1F)C(F)(F)F)C(F)(F)C(F)(F)F)C(F)(F)F,DTXSID00338673,,
FC1=C(F)[C@]2(F)C3=C([C@@]4(F)CC[C@]3(F)C4(F)F)[C@@]1(F)C(F)(F)C2(F)F,DTXSID801353464,,
FCC(F)C(F)C(F)F,DTXSID801358757,,
FC(F)(F)C(F)(F)C=C,DTXSID80190837,,
FC1(F)C=CC(F)(F)C(F)(F)C1(F)F,DTXSID80228205,,
FC(F)C(F)(F)C=CC(F)(F)C(F)F,DTXSID80337467,,
FC(F)(F)C(F)(F)C1(C=CC=CC=C1)C(F)(F)C(F)(F)F,DTXSID80346236,,
FC(C(F)(F)F)C(F)(F)C(F)(F)F,DTXSID80379701,,
FC(F)(F)C1(F)C(F)(F)C(F)(C(F)(F)F)C(F)(F)C(F)(C(F)(F)F)C1(F)F,DTXSID80380039,,
CCCCCCCCCCCCC(F)(F)C(F)(F)C(F)(F)C(F)(F)C(F)(F)C(F)(F)F,DTXSID80381980,,
FC(=C(F)C(F)(F)C(F)(F)C(F)(F)F)C(F)(F)F,DTXSID80402088,,
CCC(C)C(F)(F)C(F)C(F)(F)F,DTXSID80445031,,
FC(F)(F)C(=C)C(F)(F)C(F)(F)F,DTXSID80447691,,
CC(C(F)(F)F)C(F)(F)C(F)(F)F,DTXSID80449670,,
FC(F)(F)C(F)(F)C(F)(F)C(F)(F)C(F)(F)C(F)(F)C(F)(F)C(F)(F)CC=C,DTXSID80454860,,
FC(F)C(F)(F)C(F)(F)C(F)(F)C(F)F,DTXSID80474568,,
FC1(F)C(=C(C1(F)F)C1(F)C(F)(F)C(F)(F)C1(F)F)C1(F)C(F)(F)C(F)(F)C1(F)F,DTXSID80501348,,
FC(F)(F)C(F)(F)C(F)(F)C(F)(F)C(F)(F)C(F)(F)C(F)(F)C(F)(F)C#C,DTXSID80505826,,
FCC(F)(F)C(F)(F)C(F)(F)C(F)F,DTXSID80507663,,
FC(F)C(F)(F)C(F)(F)C(F)(F)C(F)(F)C(F)(F)C(F)(F)C(F)(F)C(F)(F)C#C,DTXSID80531145,,
FC(F)=C(F)C(F)(F)C(F)(F)C(F)(F)C(F)(F)F,DTXSID00226440,,
FC(F)(F)C1(F)C(F)(F)C(F)(F)C(F)(F)C(F)(C(F)(F)F)C1(F)F,DTXSID0036926,,
FC(F)(F)C(F)(F)C(F)(F)C(F)(F)C(F)(F)C(F)(F)C(F)(F)C(F)(F)C(F)(F)C(F)(F)C(F)(F)C(F)(F)C(F)(F)F,DTXSID00380031,,
FC(F)(CC=C)C(F)(F)C(F)(F)C(F)(F)CC=C,DTXSID00380854,,
FC1C(F)C(F)C(C(F)C1F)C(F)(F)C(F)(F)C(F)(F)F,DTXSID00430904,,
FC1=C(C(F)(F)C(F)(F)F)C(F)(F)C(F)(F)C(F)(F)C1(F)F,DTXSID00448605,,
F\C=C(\F)C(F)(F)C(F)(F)C(F)(F)C(F)(F)C(F)(F)F,DTXSID00469991,,
FC(F)(C1=CC=CC=C1)C(F)(F)C(F)(F)C1=CC=CC=C1,DTXSID00524433,,
FC(C(F)(F)F)C(F)(F)C(C1=CC=CC=C1)C1=CC=CC=C1,DTXSID00528355,,
FC1(F)C2CC2C1(F)F,DTXSID00548578,,
FC(F)(F)C(=C(C(F)(F)F)C(F)(C(F)(F)F)C(F)(F)F)C(F)(F)F,DTXSID00561101,,
FC(=C(C(F)(F)F)C(F)(C(F)(F)F)C(F)(F)F)C(F)(C(F)(F)F)C(F)(F)F,DTXSID00583621,,
FC(F)(F)C(F)(F)CC=C,DTXSID00600903,,
FC1(F)CC(F)(F)C1(F)F,DTXSID00620126,,
CC(=C)C(F)(F)C(F)F,DTXSID00698623,,
FC(F)(F)C(F)(F)C(F)(F)C(F)(F)CC=CC1=CC=CC=C1,DTXSID00706191,,
FC(F)C(F)(F)C(F)(F)C(F)F,DTXSID0073900,,
FC1(F)C2(F)C(F)(F)C12F,DTXSID00758933,,
CC(C)=CCC(F)(F)C(F)(F)C(F)(F)C(F)(F)F,DTXSID00760218,,
FC(F)C1(F)C(F)(F)C(F)=C(F)C(F)(F)C1(F)F,DTXSID00766654,,
FC(F)(F)C(F)(F)C(F)(F)C(F)(F)C(F)(F)C(F)(F)C(F)(F)C(F)(F)C1CCCCCC1,DTXSID00775923,,
FC(=C(F)C(F)(F)C(F)(F)F)C1=CC=CC=C1,DTXSID00822683,,
FC(F)C(F)C(F)(F)F,DTXSID00861931,,
FC(F)(F)C(=C(C(F)(F)C(F)(F)F)C(F)(C(F)(F)F)C(F)(F)F)C(F)(F)F,DTXSID00880248,,
CCCCCCCCCCCCCCCCCCCCC(F)(F)C(F)(F)C(F)(F)C(F)(F)C(F)(F)C(F)(F)C(F)(F)C(F)(F)F,DTXSID00881376,,
FC(F)(F)C(F)(C(F)(F)F)C(F)(F)C1(F)C(F)(F)C(F)(F)C(F)(F)C2(F)C(F)(F)C(F)(F)C(F)(F)C(F)(F)C12F,DTXSID00893338,,
CC(F)(F)C(F)(F)C(F)(F)C(F)(F)F,DTXSID00895155,,
CCCCCCC(F)(F)C(F)(F)C(F)(F)C(F)(F)F,DTXSID00895170,,
FC(F)(F)C(F)(F)C(F)(F)C(C(F)(F)F)(C(F)(F)F)C(F)(F)F,DTXSID00895216,,
FC(F)(F)C(F)(F)C=CC(F)(F)C(F)(F)C(F)(F)F,DTXSID00895231,,
CCCCC(F)(F)C(F)(F)C(F)(F)C(F)(F)C(F)(F)C(F)(F)C(F)(F)C(F)(F)C(F)(F)C(F)(F)F,DTXSID00895276,,
FC=C(F)C(F)(F)C(F)(F)C(F)(F)C(F)(F)C(F)(F)C(F)(F)F,DTXSID00895291,,
CCCCCCCC(F)(F)C(F)(F)C(F)(F)C(F)(F)C(F)(F)C(F)(F)C(F)(F)C(F)(F)C(F)(F)C(F)(F)F,DTXSID00895296,,
CCCCCCCCCCCCCCC(F)(F)C(F)(F)C(F)(F)C(F)(F)C(F)(F)C(F)(F)C(F)(F)C(F)(F)C(F)(F)C(F)(F)F,DTXSID00895357,,
CCCC\C=C\C(F)(F)C(F)(F)C(F)(F)C(F)(F)F,DTXSID00896662,,
FC(F)(F)C(F)(F)C(F)(F)C(F)(F)C(F)(F)C(F)(F)\C=C\C(F)(F)C(F)(F)C(F)(F)C(F)(F)C(F)(F)C(F)(F)C(F)(F)C(F)(F)F,DTXSID00896687,,
FC(F)C(F)C(F)F,DTXSID00947103,,
FC1(F)C2=CC=CC3=CC=CC(=C23)C1(F)F,DTXSID101022989,,
FC(F)(F)C(F)(F)C(F)(F)C(F)(F)C(F)(F)C(F)(F)C(F)(F)C(F)(F)C(F)(F)C(F)(F)C1(F)C(F)(F)C(F)(F)C(F)(F)C(F)(F)C1(F)F,DTXSID101023399,,
FC(=CC(F)(F)C(F)(F)F)C(F)(F)C(F)(F)C(F)(F)F,DTXSID101026686,,
FC(=CC(F)(F)F)C(F)(F)C(F)(F)C(F)(F)C(F)(F)F,DTXSID101026698,,
CC(C)CC(F)(F)C(F)(F)C(F)(F)C(F)(F)F,DTXSID101032623,,
FC(F)(F)C(F)(F)C1(F)C(F)(F)C(F)(F)C(F)(F)C(F)(C(F)(F)C(F)(F)F)C1(F)F,DTXSID101032811,,
CC=CC(F)(C(F)(F)F)C(F)(F)C(F)(F)F,DTXSID101045692,,
FC(F)C(F)(F)C(F)(F)C(F)=C(C(F)(F)F)C(F)(F)F,DTXSID10791336,,
CCCCCCCCCCCCCCCCCCCCC(F)(F)C(F)(F)C(F)(F)C(F)(F)F,DTXSID10840257,,
CC1=CC2=C(CC(F)(F)C2(F)F)C=C1,DTXSID10840838,,
CC(C)(C)C\C=C(/F)C(F)(F)C(F)(F)C(F)(F)F,DTXSID10848036,,
CCCC(F)(F)C(F)(F)C(F)(F)C(F)(F)C(F)(F)C(F)(F)F,DTXSID10871521,,
FC(F)=C(F)C(F)(F)C(F)(F)F,DTXSID10880133,,
FC(F)(F)C(F)(F)C(F)(F)C(F)(C(F)(F)F)C(F)(F)C(F)(F)F,DTXSID10880158,,
F\C(=C(/F)C(F)(C(F)(F)F)C(F)(F)F)C(F)(F)F,DTXSID10880198,,
FC(C(F)(F)F)C(F)(F)C(F)(F)C(F)(F)F,DTXSID101026836,,
FC(F)(F)C(F)(F)C(F)(F)C(F)(F)CCCCCCCCCC=C,DTXSID101047650,,
FC(F)=C(C(F)(F)F)C(F)(F)C(F)(F)C(F)(F)F,DTXSID101193695,,
CCC1=CC=C(C=C1)C(F)(F)C(F)(F)F,DTXSID101239972,,
FC(C=C)C(F)(F)F,DTXSID101309135,,
FC1=CCC(F)(F)C1(F)F,DTXSID101348074,,
FCCC(F)(F)C(F)F,DTXSID101358782,,
FC(F)=C(F)C(F)(F)C(F)(F)C(F)(F)C(F)(F)C(F)(F)C(F)(F)C(F)(F)F,DTXSID10191034,,
FC1(F)C(F)(F)C(F)(F)C(F)(F)C1(F)F,DTXSID10191039,,
FCC(F)(F)F,DTXSID1021324,,
FC(F)(F)C(F)(F)C(F)(F)C(F)(F)C(F)(F)C=C,DTXSID10232971,,
FC(F)C(F)(F)F,DTXSID1024251,,
FC(F)(F)C(F)(F)C(F)(F)C(F)(F)C(F)(F)C(F)(F)C(F)(F)C(F)(F)C(F)(F)C(F)(F)C(F)(F)C(F)(F)C(F)(F)C(F)(F)C(F)(F)F,DTXSID10375110,,
CCCC\C=C\C(F)(F)C(F)(F)C(F)(F)F,DTXSID10379279,,
FC(F)C(F)(F)C(F)(F)C(F)(F)C(F)=C(F)F,DTXSID10379850,,
CCCCCCCCC=CC(F)(F)C(F)(F)C(F)(F)C(F)(F)C(F)(F)C(F)(F)F,DTXSID10379855,,
CCCCCCCCCCCCCCC(F)(F)C(F)(F)C(F)(F)C(F)(F)C(F)(F)C(F)(F)F,DTXSID10381978,,
FC1=C(F)C(F)=C(F)C2=C1C(F)(F)C(F)(F)C2(F)F,DTXSID10430859,,
FC1(F)C(F)(F)C(F)(F)C(F)(F)C(F)(F)C(F)(F)C1(F)F,DTXSID10436078,,
CC(F)C(C)(F)F,DTXSID10445908,,
FC(=C(C(F)(F)F)C(F)(F)F)C(F)(C(F)(F)F)C(F)(F)F,DTXSID10450259,,
FC(F)(F)C(F)(F)C1=CC=CC=C1,DTXSID10461582,,
FC1(F)C=CC(F)(F)C1(F)F,DTXSID10461880,,
FC(F)(F)C(F)(F)C1CCCCC1,DTXSID10468874,,
FC1=C(F)C2=C(C(F)=C1F)C(F)(F)C(F)(F)C(F)=C2F,DTXSID10501194,,
FC1(F)C2=CC=CC=C2C(F)(F)C1(F)F,DTXSID10508825,,
FC1C(F)(F)C(F)=C(F)C(F)(F)C(F)(F)C1(F)F,DTXSID10515736,,
FC1=C(F)C(F)(F)C(F)(F)C(F)(F)C(F)=C1,DTXSID10524505,,
FC#CC(F)(C(F)(F)F)C(F)(F)F,DTXSID10542668,,
FC(F)C1=C(F)C(F)(F)C(F)(F)C(F)(F)C1(F)F,DTXSID10547012,,
CC1=CC=C(C=C1)C(F)(F)C(F)(F)F,DTXSID10556048,,
FC1CCC(F)(F)C1(F)F,DTXSID10590947,,
FC(F)C(F)(F)C(F)(F)C(F)(F)C(F)(F)C(F)(F)C(F)(F)C(F)(F)C(F)(F)C(F)(F)C(F)(F)C(F)(F)C(F)(F)F,DTXSID10616671,,
CC(F)(F)C(F)(F)C(F)(F)C(F)=C(F)F,DTXSID10621124,,
CC(CC(F)(F)C(F)(F)F)=C(F)F,DTXSID10631920,,
FC(=C(F)C(F)(F)C(F)(F)C(F)(F)C(F)(F)F)C(F)(F)F,DTXSID10694136,,
FC(=C(F)C(F)(F)C(F)(F)C(F)(F)F)C(F)(F)C(F)(F)C(F)(F)F,DTXSID10706485,,
FC(F)(F)C(F)(C(F)(F)F)C(F)(F)C(F)(F)C=C,DTXSID10711635,,
CC(F)(F)C(F)F,DTXSID1074046,,
FC(F)C(F)(F)C(F)(F)C(F)=C,DTXSID1074595,,
FC(=C(CC=C)C(F)(F)F)C(F)(F)C(F)(F)F,DTXSID10880996,,
FC(=C(F)C(C(F)(F)F)(C(F)(F)F)C(F)(F)F)C(F)(F)C(F)(F)C(F)=C(F)C(C(F)(F)F)(C(F)(F)F)C(F)(F)F,DTXSID10893304,,
FCC(F)(F)C(F)(F)C(F)(F)F,DTXSID10894957,,
CCCC(F)(F)C(F)(F)C(F)(F)C(F)(F)F,DTXSID10895161,,
CCCCCCCCCC(F)(F)C(F)(F)C(F)(F)F,DTXSID10895166,,
CCCCCCC(F)(F)C(F)(F)C(F)(F)C(F)(F)C(F)(F)C(F)(F)F,DTXSID10895207,,
CCCCCCCCCCCCCCCCC(F)(F)C(F)(F)C(F)(F)C(F)(F)F,DTXSID10895227,,
FC(F)(F)C=CC(F)(F)C(F)(F)C(F)(F)C(F)(F)F,DTXSID10895242,,
FC(F)C(F)(F)C(F)(F)C(F)(F)C(F)(F)C(F)(F)C(F)(F)C(F)(F)C(F)(F)C(F)(F)C(F)(F)C(F)(F)F,DTXSID10895267,,
F\C(=C(\F)C(F)(F)C(F)(F)C(F)(F)F)C(F)(F)C(F)(F)F,DTXSID10895287,,
F\C=C(/F)C(F)(F)C(F)(F)C(F)(F)C(F)(F)C(F)(F)C(F)(F)F,DTXSID10895303,,
CCCCCCCCCCCCCCCCCC(F)(F)C(F)(F)C(F)(F)C(F)(F)C(F)(F)C(F)(F)F,DTXSID10895308,,
CCCCCCCCCCCCCCCC(F)(F)C(F)(F)C(F)(F)C(F)(F)C(F)(F)C(F)(F)C(F)(F)C(F)(F)F,DTXSID10895343,,
CCCCCCCCC(F)(F)C(F)(F)C(F)(F)C(F)(F)C(F)(F)C(F)(F)C(F)(F)C(F)(F)C(F)(F)C(F)(F)C(F)(F)C(F)(F)F,DTXSID10895383,,
FC(F)(F)C(F)(F)C(F)(F)C(F)(F)C=CC(F)(F)C(F)(F)C(F)(F)C(F)(F)F,DTXSID10895409,,
FC1C(F)C(F)(F)C(F)(F)C1(F)F,DTXSID201002904,,
FC1C(F)(F)C(F)(F)C(F)C(F)(F)C1(F)F,DTXSID201020300,,
FC=CC(F)(C(F)(F)F)C(F)(F)F,DTXSID201026689,,
CCC(F)=C(F)C(F)(F)C(F)(F)F,DTXSID201026691,,
FC1CCCCC1(F)F,DTXSID201026827,,
FC(F)(F)C(F)(F)C(F)(F)C(F)(F)C1CC2CCC1C2,DTXSID201027087,,
FC1=C(F)C(=C(F)C2=C1C(F)(F)C(F)(F)C2(F)F)C(F)(F)F,DTXSID201027625,,
FC(C(F)(F)F)C(F)(F)C=C,DTXSID201032652,,
CC(F)(F)C(F)(F)C(F)(F)C(F)(F)C(F)(F)F,DTXSID201032876,,
CC(F)(F)C(F)(F)C(F)(F)C(F)(F)C(F)(F)C(F)(F)C(F)(F)C(F)(F)F,DTXSID201032888,,
FC(F)CC(F)C(F)F,DTXSID201036997,,
FC1=CC2C(=CC1(F)C(F)(F)C2(F)F)C(F)(F)F,DTXSID201045619,,
FC(F)(F)C(F)(F)C1(F)C(F)(F)C(F)(F)C(F)(F)C1(F)F,DTXSID201151200,,
FC(F)(F)C(F)(C1=CC=CC2=CC=CC=C12)C(F)(F)F,DTXSID201189588,,
CCC(F)(F)C(F)(F)C(F)(F)C(F)(F)C(F)=C(F)F,DTXSID201260683,,
FC1(F)C=CC1(F)F,DTXSID201306758,,
FCC(F)(F)CF,DTXSID201311185,,
FC(F)C(F)(F)C(F)(F)C=C,DTXSID201348134,,
CC(F)C(F)(F)C(F)(F)C(F)(F)C(F)F,DTXSID201348827,,
CC(F)C(F)(F)C(F)(F)C(F)(F)C(F)(F)C(F)(F)C(F)F,DTXSID201348891,,
FC(=C1C2=C(F)C(F)=C(F)C(F)=C2C(F)(F)C1(F)F)C(F)(F)F,DTXSID201353323,,
CCCCCCCCCCC(F)(F)C(F)(F)C(F)(F)C(F)(F)C(F)(F)C(F)(F)F,DTXSID20163727,,
FC(F)(C=C)C(F)(F)C(F)(F)C(F)(F)C(F)(F)C(F)(F)C=C,DTXSID20170895,,
FC(F)(F)C(F)(F)C1(F)C(F)(F)C(F)(F)C(F)(F)C(F)(F)C1(F)F,DTXSID20187140,,
FC(F)C(F)(F)C(F)(F)C(F)(F)C(F)(F)C(F)(F)F,DTXSID20188995,,
FC1(F)CCC1(F)F,DTXSID20190836,,
FC(F)(C1=CC=CC=C1)C(F)(F)C1=CC=CC=C1,DTXSID20195280,,
FC1(F)C2CC3=CC=CC=C3C2C1(F)F,DTXSID20304976,,
FC1=C(F)C(F)(F)C(F)(F)C(F)=C1F,DTXSID20343926,,
FC1(F)C(F)(F)C2(F)C(F)(C1(F)F)C(F)(F)C(F)(F)C(F)(F)C(F)(F)C2(F)F,DTXSID20626382,,
FC(C(C(F)(F)F)C(F)(F)F)C(F)(F)C(F)(F)F,DTXSID20628003,,
FC1=C(F)C(F)(F)C1(F)F,DTXSID2073229,,
CCCCC\C=C(/F)C(F)(F)C(F)(F)C(F)(F)C(F)(F)C(F)(F)F,DTXSID20758056,,
FC1=C(F)C(=C(F)C(F)=C1C1=C(F)C(F)=C(C(F)=C1F)C(F)(F)C(F)(F)F)C(F)(F)C(F)(F)F,DTXSID20787982,,
CC(=C)C1=CC=CC=C1CC(F)(F)C(F)(F)C(F)(F)C(F)(F)C(F)(F)F,DTXSID20790991,,
CC1=CC=C(C=C1)C1C(F)(F)C1(F)F,DTXSID20840849,,
FC(F)(F)C1(F)C(F)(F)C(F)(F)C(F)(F)C(F)(F)C1(F)C(F)(F)F,DTXSID20870500,,
FC(F)(F)C1(F)C(F)(F)C(F)(F)C1(F)C(F)(F)F,DTXSID20880189,,
FC(C(F)C(F)(C(F)(F)F)C(F)(F)F)C(F)(F)F,DTXSID20881010,,
CCCCCCCCCCCCCCCCCCC(F)(F)C(F)(F)C(F)(F)C(F)(F)C(F)(F)C(F)(F)C(F)(F)F,DTXSID20881393,,
FC(F)(F)C(C#CC(F)(F)C(F)(F)C(F)(F)F)=C1CCCC1,DTXSID30895683,,
FC(F)(F)C(F)(C(F)(F)F)C(F)(F)C(F)(F)C(F)(F)C(F)(F)C(F)(F)C(F)(F)C(F)(C(F)(F)F)C(F)(F)F,DTXSID20893310,,
FC(F)(F)C(F)(F)C(F)(F)C(F)(F)C1(F)C(F)(F)C(F)(F)C(F)(F)C2(F)C(F)(F)C(F)(F)C(F)(F)C(F)(F)C12F,DTXSID20893335,,
FC(F)(F)C(F)(F)C(F)(F)C(F)(F)C(F)(C(F)(F)F)C(F)(F)C(F)(F)F,DTXSID20893355,,
CCCCCC(F)(F)C(F)(F)C(F)(F)F,DTXSID20895157,,
CCCCCCCCCCCCC(F)(F)C(F)(F)C(F)(F)F,DTXSID20895177,,
CCCCCCCCCCC(F)(F)C(F)(F)C(F)(F)C(F)(F)F,DTXSID20895192,,
FC=C(F)C(F)(F)C(F)(F)C(F)(F)C(F)(F)F,DTXSID20895218,,
CCCCCC(F)(F)C(F)(F)C(F)(F)C(F)(F)C(F)(F)C(F)(F)C(F)(F)C(F)(F)C(F)(F)C(F)(F)F,DTXSID20895273,,
CCCCCCCCCC(F)(F)C(F)(F)C(F)(F)C(F)(F)C(F)(F)C(F)(F)C(F)(F)C(F)(F)C(F)(F)C(F)(F)F,DTXSID20895334,,
FC(F)(F)C(F)(F)C=CC(F)(F)C(F)(F)C(F)(F)C(F)(F)C(F)(F)F,DTXSID20895339,,
CCCCCCC(F)(F)C(F)(F)C(F)(F)C(F)(F)C(F)(F)C(F)(F)C(F)(F)C(F)(F)C(F)(F)C(F)(F)C(F)(F)C(F)(F)F,DTXSID20895354,,
CCCCCCCCCCCC(F)(F)C(F)(F)C(F)(F)C(F)(F)C(F)(F)C(F)(F)C(F)(F)C(F)(F)C(F)(F)C(F)(F)F,DTXSID20895359,,
CCCCCCCCCCCCC(F)(F)C(F)(F)C(F)(F)C(F)(F)C(F)(F)C(F)(F)C(F)(F)C(F)(F)C(F)(F)F,DTXSID20895374,,
CCCCCCCCCCCC(F)(F)C(F)(F)C(F)(F)C(F)(F)C(F)(F)C(F)(F)C(F)(F)C(F)(F)C(F)(F)C(F)(F)C(F)(F)C(F)(F)F,DTXSID20895399,,
FC(F)(F)C(F)(F)C=CC(F)(F)C(F)(F)C(F)(F)C(F)(F)C(F)(F)C(F)(F)F,DTXSID20895415,,
FC(F)(F)C(F)(F)C(F)(F)C(F)(F)C#CC1=CC=CC=C1,DTXSID20895511,,
FC1=C(F)C(F)=C(C(F)=C1F)C(F)(F)C(F)(F)C(F)(F)C(F)(F)F,DTXSID20895753,,
CC1=CC=C(C)C(=C1)C(F)(F)C(F)(F)C(F)(F)C(F)(F)C(F)(F)C(F)(F)F,DTXSID20895915,,
FC(F)(F)C(F)(F)C(F)(F)C(CC=C)(C(F)(F)F)C(F)(F)F,DTXSID80545621,,
CC1=C(C)C=C(C=C1)C1(C2=CC(C)=C(C)C=C2)C(F)(F)C(F)(F)C(F)(F)C1(F)F,DTXSID80577063,,
CC(F)(F)C(F)(F)C(F)F,DTXSID80577407,,
FC(C(F)(F)F)C(F)(F)C1CCCC=C1,DTXSID80614624,,
CC(F)C(F)C(F)(F)F,DTXSID80620124,,
FC(F)=CC(F)(F)C(F)(F)C(F)(F)C(F)(F)C(F)(F)C(F)(F)F,DTXSID80622108,,
FC(F)(F)C1(F)C(F)(F)C(F)(C(F)(F)F)C1(F)F,DTXSID8065379,,
FC(F)(F)C(F)(F)C(F)(F)C(F)(F)C(F)(F)C(F)(F)C=C,DTXSID8067076,,
FCC(F)F,DTXSID8073182,,
FC1=C(F)C(F)(F)C(F)(F)C(F)(F)C1(F)F,DTXSID8074659,,
FC(F)(F)C(F)(C=CC(F)(C(F)(F)F)C(F)(F)F)C(F)(F)F,DTXSID80748832,,
FC1C(F)(F)C(F)(F)C(F)(F)C(F)(F)C1(F)F,DTXSID8075384,,
FC(F)(F)C(=C(C(F)(F)F)C(F)(C(F)(F)F)C(F)(C(F)(F)F)C(F)(F)F)C(F)(F)F,DTXSID80760458,,
CCCCC(F)C(F)(F)C(F)(F)C(F)(F)F,DTXSID80767604,,
FC(=C(F)C(F)(C(F)(F)F)C(F)(F)C(F)(F)F)C(F)(F)F,DTXSID80785828,,
CC1=C2C(CC(F)(F)C2(F)F)=CC=C1,DTXSID80840840,,
FC(F)(F)C(F)(C(F)(F)F)C1(F)C(F)(F)C(F)(F)C(F)(C(F)(F)F)C(F)(F)C1(F)F,DTXSID80871518,,
FC(F)C(F)(F)C(F)(F)C(F)(F)C(F)(F)C(F)(F)C(F)(F)F,DTXSID80871634,,
FC(F)(C=C)C(F)(F)C(F)(F)C(F)(F)C=C,DTXSID80880145,,
CCCCCCCCCCCCCCCCCCCC(F)(F)C(F)(F)C(F)(F)C(F)(F)C(F)(F)C(F)(F)C(F)(F)C(F)(F)F,DTXSID80881379,,
FC(F)(F)C1(F)C(F)(F)C(F)(F)C(F)(F)C(F)(C1(F)F)C1(F)C(F)(F)C(F)(F)C(F)(F)C(F)(C(F)(F)F)C1(F)F,DTXSID80893316,,
CCCC(F)(F)C(F)(F)C(F)(F)F,DTXSID80895153,,
CCCCCCC(F)(F)C(F)(F)C(F)(F)F,DTXSID80895158,,
CCC(F)(F)C(F)(F)C(F)(F)C(F)(F)C(F)(F)F,DTXSID80895173,,
FC(F)(F)C(F)(F)C(F)(F)C(F)(F)C=C=C,DTXSID80895193,,
F\C=C(\F)C(F)(F)C(F)(F)C(F)(F)C(F)(F)F,DTXSID80895214,,
CCCCCCC(F)(F)C(F)(F)C(F)(F)C(F)(F)C(F)(F)C(F)(F)C(F)(F)F,DTXSID80895234,,
CCCCCCC(F)(F)C(F)(F)C(F)(F)C(F)(F)C(F)(F)C(F)(F)C(F)(F)C(F)(F)F,DTXSID80895254,,
CCCCCCCCC(F)(F)C(F)(F)C(F)(F)C(F)(F)C(F)(F)C(F)(F)C(F)(F)C(F)(F)C(F)(F)C(F)(F)F,DTXSID80895310,,
CCCCC(F)(F)C(F)(F)C(F)(F)C(F)(F)C(F)(F)C(F)(F)C(F)(F)C(F)(F)C(F)(F)C(F)(F)C(F)(F)C(F)(F)F,DTXSID80895330,,
CCCCCCCCCCCCC(F)(F)C(F)(F)C(F)(F)C(F)(F)C(F)(F)C(F)(F)C(F)(F)C(F)(F)C(F)(F)C(F)(F)F,DTXSID80895355,,
CCCCCCCCCCCCC(F)(F)C(F)(F)C(F)(F)C(F)(F)C(F)(F)C(F)(F)C(F)(F)C(F)(F)C(F)(F)C(F)(F)C(F)(F)F,DTXSID80895375,,
FC(F)(F)C(F)(F)C(F)(F)C(F)(F)C(F)(F)C(F)(F)C(F)(F)C(F)(F)C(F)(F)C(F)(F)C(F)(F)C(F)(F)C(F)(F)C=C,DTXSID80895451,,
CC1=CC=C(C=C1)C(F)(F)C(F)(F)C(F)(F)C(F)(F)C(F)(F)C(F)(F)C(F)(F)C(F)(F)F,DTXSID80895653,,
FC(F)(F)C(F)(F)C(F)(F)C(F)(F)C1=CC2=CC=CC=C2C1,DTXSID80895693,,
F\C(=C(\C(F)(F)C(F)(F)F)C(F)(C(F)(F)F)C(F)(F)F)C(F)(F)F,DTXSID80896327,,
FC1=C2C(=C(F)C(F)=C1F)C(F)(C(F)(C(F)(F)F)C(F)(F)F)C2(F)F,DTXSID80896387,,
FC(F)(F)\C=C\C(F)(F)C(F)(F)C(F)(F)F,DTXSID80896660,,
FC(F)(F)C(F)(F)C(F)(F)C(F)(F)\C=C/C1=CC=CC=C1,DTXSID80896685,,
FCC(F)(F)C(F)(F)F,DTXSID80987047,,
FC1C(F)(F)C(F)C(F)(F)C(F)(F)C1(F)F,DTXSID901020301,,
FC(F)(F)C(F)(F)C1=CC=C2C=CC=CC2=C1,DTXSID901022264,,
FCCC(F)C(F)(F)F,DTXSID901026678,,
FC1=C2C(=C(F)C1(F)F)C1(F)C(F)=C(F)C2(F)C(F)(F)C1(F)F,DTXSID901045527,,
FC1=C(F)C2(F)C3(F)C(F)=C(F)C(F)(C3(F)F)C2(F)C1(F)F,DTXSID901045739,,
FC1=C(F)C2(F)C(F)=C(F)C(F)=C(F)C2(F)C1(F)F,DTXSID901045741,,
FC(F)(F)C1(F)C(F)(F)C1(F)F,DTXSID901045777,,
FC(F)C(F)(F)C(F)(F)C(F)(F)C(F)(F)C(F)(F)C(F)=C(F)F,DTXSID901208951,,
FC(F)C(F)(F)C(F)(F)C(F)(F)F,DTXSID20379700,,
FC(F)C(F)(F)C(F)(F)C(F)(F)C(F)(F)C(F)(F)C(F)(F)C(F)(F)C(F)(F)C(F)F,DTXSID20379785,,
FC(F)(F)C(F)(C(F)(F)F)C(F)(F)C(F)(F)C(F)(F)C(F)(F)C(F)(F)C(F)(F)C(F)(F)C(F)(F)C(F)(C(F)(F)F)C(F)(F)F,DTXSID20379806,,
C\C=C\C(F)(F)C(F)(F)C(F)(F)C(F)(F)C(F)(F)C(F)(F)F,DTXSID20379927,,
FC(F)(F)C(F)(C=C)C(F)(F)F,DTXSID20380674,,
FC(F)(F)C(F)(F)C(F)(F)C(F)(F)C(F)(F)C(F)(F)C(F)(F)C(F)(F)C(F)(F)C(F)(F)C(F)(F)C(F)(F)C=C,DTXSID20382072,,
CCCCCCCCCCCCCCC(F)(F)C(F)(F)C(F)(F)C(F)(F)C(F)(F)C(F)(F)C(F)(F)C(F)(F)F,DTXSID20402082,,
FC(F)(F)C1(F)C(F)(F)C(F)(F)C1(F)F,DTXSID20431978,,
CCCCCCCCC(F)(F)C(F)(F)C(F)(F)C(F)(F)C(F)(F)C(F)(F)F,DTXSID20440585,,
FC(F)(F)C(F)(F)C(F)(F)C(F)(F)C#C,DTXSID20505825,,
FC(F)(F)C(=C(C(F)(F)F)C(F)(F)C(F)(F)F)C(F)(F)F,DTXSID20507566,,
FC(F)(F)C(CC=C)(C(F)(F)F)C(F)(F)F,DTXSID20508891,,
FC(F)(F)C(F)(F)C(F)(F)C(F)(F)C(F)(F)C(F)(F)C1=CC=CC=C1,DTXSID20512034,,
CC1=C(F)C(F)(F)C(F)(F)C2=C1C(F)=C(F)C(F)=C2F,DTXSID20518354,,
FC(C1=CC=CC=C1)C(F)(F)F,DTXSID20528357,,
FC1=C(F)C(F)=C(C(F)=C1F)C1=C(F)C(F)(F)C(F)(F)C(F)(F)C1(F)F,DTXSID20530076,,
[H]C12CC([H])(C=C1)C(F)(F)C2(F)F,DTXSID20539241,,
CCCCCCCC(F)(F)C(F)(F)C(F)(F)C(F)(F)C(F)(F)F,DTXSID901253213,,
CCCC(F)(F)C(F)(F)C(F)(F)C(F)(F)C(F)(F)C(F)(F)C(F)(F)C(F)(F)C(F)(F)F,DTXSID901349121,,
CC(F)(F)C(F)(F)F,DTXSID90171137,,
FC(F)(F)C(F)(F)C(F)(F)C(F)(F)C(F)(F)C(F)(F)C(F)(F)C=C,DTXSID90180087,,
FC(F)(F)C(F)(F)C(F)(F)C(F)(F)C(F)(F)C(F)(F)C(F)(F)C(F)(F)C(F)(F)C(F)(F)C(F)(F)C(F)(F)C(F)(F)C(F)(F)F,DTXSID90184727,,
FC(F)(F)C1(F)C(F)(F)C(F)(F)C(F)(C(F)(F)F)C(F)(F)C1(F)F,DTXSID90277906,,
FC1=C(F)C2(F)C(CC1(F)C2(F)F)C=C,DTXSID90337498,,
FC(F)(F)C(F)(F)C(F)(F)C(C=C)(C(F)(F)F)C(F)(F)F,DTXSID90338647,,
FC1=C(F)C2(F)CCC1(F)C2(F)F,DTXSID90342704,,
FC(F)(C=C)C(F)(F)C(F)(F)C(F)(F)C(F)(F)C(F)(F)C(F)(F)C(F)(F)C=C,DTXSID90371872,,
FC(F)C(F)(F)C(F)(F)C(F)(F)C(F)(F)C(F)=C,DTXSID90379833,,
CCCCCCCCCCC(F)(F)C(F)(F)C(F)(F)C(F)(F)C(F)(F)C(F)(F)C(F)(F)C(F)(F)F,DTXSID90381976,,
FC(F)(F)C(F)(F)C(F)(F)C#C,DTXSID90382049,,
FC1(F)C(F)(F)C(F)(F)C1(F)F,DTXSID9041811,,
FC(C(F)(F)F)C(F)(F)C1CCCCC1,DTXSID90445421,,
FC(F)(F)C(C(F)(F)F)C(F)(F)C(F)(F)C(F)(F)F,DTXSID90448210,,
FC(F)(F)C(F)(F)C(F)(F)C(F)(F)C(F)(F)C(F)(F)CC=C,DTXSID90455222,,
FC(F)C(F)C(F)(F)C(F)(F)C(F)(F)F,DTXSID90475662,,
FC(F)=C(C1=CC=CC=C1)C(F)(F)C(F)(F)F,DTXSID90500706,,
CC(F)C(F)(F)F,DTXSID90503373,,
FC(F)=C1C(=C(F)F)C(F)(F)C1(F)F,DTXSID90509931,,
FC(F)=C(F)C(F)(F)C(F)(F)C(F)(F)C(F)(F)C(F)=C(F)F,DTXSID90510385,,
FC(F)(F)C1=C(C(F)(F)F)C(F)(F)C(F)(F)C1(F)F,DTXSID90526567,,
CC(C)C(F)(F)CF,DTXSID90527812,,
FC1=C(F)C(F)=C(C2=C1C(F)(F)C(F)(F)C2(F)F)C(F)(F)F,DTXSID90540147,,
FC(F)=C(F)C(F)(F)C(F)(F)C(F)=C(F)F,DTXSID90557351,,
CC1=CC(=CC=C1)C(F)(F)C(F)(F)F,DTXSID90568801,,
CC(C)C(F)(F)C(F)C(F)(F)F,DTXSID90574700,,
FCC(F)C(F)(F)CF,DTXSID90620130,,
FC(F)C(F)(C(F)F)C(F)(F)F,DTXSID90623080,,
CC(F)C(F)(F)C(F)(F)C(F)(F)C(F)(F)F,DTXSID90711052,,
FC(=C(F)C(F)(F)C(F)(F)F)C(F)(F)F,DTXSID9072604,,
FC(F)(F)C(F)(F)C(F)(C(F)(F)F)C(F)(F)F,DTXSID9074721,,
FC(C(F)(F)C(F)(F)F)C(F)(F)C(F)(F)F,DTXSID90759611,,
CC(C)=CC(F)(F)C(F)(F)C(F)(F)C(F)(F)C(F)(F)C(F)(F)F,DTXSID90764184,,
F[C@H]1C(F)(F)[C@H](F)C(F)(F)C(F)(F)C1(F)F,DTXSID90776429,,
FC1=C(F)C(F)(C(F)(F)C(F)(F)C1(F)F)C1(F)C(F)(F)C(F)(F)C(F)(F)C(F)(F)C1(F)F,DTXSID90813489,,
FC(F)(F)C(=C)CC(F)(F)C(F)(F)F,DTXSID90848135,,
FC(F)(F)C(F)(F)C(F)(F)C(F)(F)C(F)(F)C(F)(F)CCC=C,DTXSID90871327,,
FC(F)(F)C(F)(F)C(F)(F)C(F)(F)C(F)(F)C(F)(F)C(F)(F)C(F)(F)C(F)(F)C(F)(F)F,DTXSID90872298,,
CCC(F)(F)C(F)(F)C(F)(F)C(F)(F)C(F)(F)C(F)(F)C(F)(F)C(F)(F)F,DTXSID90880979,,
CCCCCCCCCCCCCCCCCCCCCC(F)(F)C(F)(F)C(F)(F)C(F)(F)C(F)(F)C(F)(F)C(F)(F)C(F)(F)F,DTXSID90881380,,
FC(F)(F)C(F)(F)C(F)(C(F)(F)F)C1(F)C(F)(F)C(F)(F)C2(F)C(F)(F)C(F)(F)C(F)(F)C(F)(F)C2(F)C1(F)F,DTXSID90893342,,
CCCCCCCCC(F)(F)C(F)(F)C(F)(F)F,DTXSID90895164,,
CCCC=CC(F)(F)C(F)(F)C(F)(F)F,DTXSID90895189,,
CCCCCC(F)(F)C(F)(F)C(F)(F)C(F)(F)C(F)(F)C(F)(F)F,DTXSID90895205,,
CCCC(F)(F)C(F)(F)C(F)(F)C(F)(F)C(F)(F)C(F)(F)C(F)(F)C(F)(F)C(F)(F)C(F)(F)F,DTXSID90895260,,
CCCCCCCCCCCCC(F)(F)C(F)(F)C(F)(F)C(F)(F)C(F)(F)C(F)(F)C(F)(F)F,DTXSID90895280,,
FC(F)(F)C(F)(F)C=CC(F)(F)C(F)(F)C(F)(F)C(F)(F)F,DTXSID90895285,,
CCCCCCCCCCCCCC(F)(F)C(F)(F)C(F)(F)C(F)(F)C(F)(F)C(F)(F)C(F)(F)C(F)(F)F,DTXSID90895321,,
F\C(=C(\F)C(F)(F)C(F)(F)C(F)(F)C(F)(F)C(F)(F)F)C(F)(F)F,DTXSID90895386,,
CCCCC=CC(F)(F)C(F)(F)C(F)(F)C(F)(F)C(F)(F)C(F)(F)C(F)(F)F,DTXSID90895422,,
FC(F)(F)C(F)(F)C(F)(F)C(F)(F)C(F)(F)C(F)(F)C1=CC(=CC=C1)C(F)(F)C(F)(F)C(F)(F)C(F)(F)C(F)(F)C(F)(F)F,DTXSID90895760,,
F\C=C/C(F)(C(F)(F)F)C(F)(F)F,DTXSID90896297,,
FC(F)(F)C(F)(F)C(F)(F)C(F)(F)C1=CC=CC=C1,DTXSID20454425,,
FC(F)(F)C(F)(F)C(F)(F)C(CC1=CC=CC=C1)(C(F)(F)F)C(F)(F)F,DTXSID20458928,,
CCC(F)(F)C(F)(F)C(F)(F)C(F)(F)F,DTXSID20459495,,
FC1(F)CC(F)(F)C(F)(F)C1(F)F,DTXSID20461619,,
FC(F)(F)C(F)(F)C1CC(F)(F)C1(F)F,DTXSID20476021,,
FCC(F)(F)C(F)(F)CF,DTXSID20577406,,
CCCCCCCCCCCCCCCCCCCC(F)(F)C(F)(F)C(F)(F)C(F)(F)C(F)(F)C(F)(F)C(F)(F)F,DTXSID10881382,,
FC(F)(F)C1(F)C(F)(F)C(F)(C(F)(F)F)C(F)(C(F)(F)F)C(F)(F)C1(F)C(F)(F)F,DTXSID10393516,,
CCCCCCCCCCCCCCCC(F)(F)C(F)(F)C(F)(F)C(F)(F)C(F)(F)C(F)(F)C(F)(F)C(F)(F)C(F)(F)C(F)(F)F,DTXSID80895390,,
CCC1=C(C(=CC=C1C(O)=O)C(F)(C(F)(F)F)C(F)(F)F)S(C)(=O)=O,DTXSID20896422,,
CC(C)S(=O)(=O)C1=C(C)C(=CC=C1C(F)(C(F)(F)F)C(F)(F)F)C(O)=O,DTXSID20896427,,
CCCS(=O)(=O)C1=C(CC)C(=CC=C1C(F)(C(F)(F)F)C(F)(F)F)C(O)=O,DTXSID20896442,,
CCC1=C(C(=CC=C1C(O)=O)C(F)(C(F)(F)F)C(F)(F)F)S(=O)(=O)CC(C)C,DTXSID20896447,,
OS(=O)(=O)C(F)(F)C(F)(F)C(F)(F)C(F)(F)C(F)(F)C(F)(F)C(F)(F)C(F)(F)C(F)(F)C(F)(F)C(F)(F)C(F)(F)C(F)(F)F,DTXSID20904576,,
OS(=O)(=O)C(F)(F)C(F)OC(F)(F)F,DTXSID20904753,,
FC1C2=C(SC1(F)F)C1CCC2C1,DTXSID20907608,,
[H]C(F)(F)C(F)(F)C(F)(F)C(F)(F)C(F)(F)C(F)(F)C(F)(F)C(F)(F)C(F)(F)C(F)(F)S(O)(=O)=O,DTXSID301019223,,
CC1=C(C=C(S1)C1=CC=C(O)C=C1)C1=C(C2=C(C)SC(=C2)C2=CC=C(O)C=C2)C(F)(F)C(F)(F)C1(F)F,DTXSID301022266,,
FC(F)C(F)(F)CSCC1=CC=CC=C1,DTXSID301022959,,
CCCS(=O)(=O)C(F)(F)C(F)(F)F,DTXSID301026682,,
CC1=C(C2=CC=CC=C2S1)C1=CC(F)(F)C(F)(F)C1(F)F,DTXSID301026737,,
CCC(COS(=O)(=O)C(F)(F)C(F)(F)F)OS(=O)(=O)C(F)(F)C(F)(F)F,DTXSID301026882,,
FC(F)(F)C(F)(F)CS(=O)CC(F)(F)C(F)(F)F,DTXSID301027030,,
OS(=O)(=O)C(F)(F)C(F)(F)C(F)(F)C(F)(F)OC(F)(F)F,DTXSID301032229,,
OS(=O)(=O)C(F)(F)C(F)(F)C(F)(F)C(F)(F)C(F)(F)C(F)C(F)(F)F,DTXSID301032324,,
OS(=O)(=O)C(F)(F)C(F)(F)C(F)(F)C(F)(F)C(F)(F)C(F)(F)C(F)(F)C(F)(F)C(F)(F)C(F)=C(F)C(F)(F)F,DTXSID301032598,,
OS(=O)(=O)C(F)(F)C(F)(F)C(F)(F)C(F)(F)C(F)(F)C(F)(F)C(F)(F)C(F)C(F)(F)F,DTXSID301032605,,
OS(=O)(=O)CC(F)(F)C(F)(F)C(F)(F)C(F)(F)C(F)(F)C(F)(F)C(F)(F)F,DTXSID301033691,,
OCC(SCCC(O)=O)C(CO)C(F)(F)C(F)(F)C(F)(F)C(F)(F)C(F)(F)C(F)(F)C(F)(F)C(F)(F)F,DTXSID301034594,,
OC(CC(F)(F)C(F)(F)C(F)(F)C(F)(F)C(F)(F)C(F)(F)C(F)(F)C(F)(F)C(F)(F)C(F)(F)F)S(O)(=O)=O,DTXSID301034601,,
OS(=O)(=O)CC(=O)CC(F)(F)C(F)(F)C(F)(F)C(F)(F)C(F)(F)C(F)(F)C(F)(F)C(F)(F)C(F)(F)F,DTXSID301034651,,
FC(F)(F)C(F)(F)CCS,DTXSID301034744,,
OS(=O)(=O)C(F)(F)C(F)(F)C(F)(F)C(F)(F)C(F)(F)C(F)(F)C(F)(F)C(F)(F)C(F)(F)C(F)(F)C(F)(F)OC(F)(F)F,DTXSID301034794,,
OS(=O)(=O)C(F)(F)C(F)(F)C(F)(F)C(F)(F)C(F)(F)C(F)(F)C(F)(F)C(F)(F)C(F)(F)C(F)(F)C(F)(F)C(=O)C(F)(F)F,DTXSID301034813,,
OS(=O)(=O)OC(F)(F)C(F)(F)C(F)(F)C(F)(F)F,DTXSID301034837,,
OS(=O)(=O)C1=CC=C(OC(F)=C(F)C(F)(F)C(F)(F)C(F)(F)C(F)(F)C(F)(F)C(F)(F)C(F)(F)C(F)(F)F)C=C1,DTXSID301035104,,
OS(=O)(=O)C(F)(F)C(F)(F)C(F)(F)C(F)(F)C(F)(F)C(F)C(\F)=C(/F)C(F)(F)C(F)(F)C(F)(F)C(F)(F)C(F)(F)C(F)(F)C(F)(F)F,DTXSID301035116,,
OS(=O)CCC(F)(F)C(F)(F)C(F)(F)C(F)(F)C(F)(F)C(F)(F)C(F)(F)C(F)(F)F,DTXSID301035742,,
OS(=O)CCC(F)(F)C(F)(F)C(F)(F)C(F)(F)C(F)(F)C(F)(F)C(F)(F)C(F)(F)C(F)(F)C(F)(F)C(F)(F)C(F)(F)C(F)(F)C(F)(F)F,DTXSID301035754,,
OC(CC(O)=O)SCCC(F)(F)C(F)(F)F,DTXSID301036083,,
OCC(SCCC(O)=O)C(O)C(F)(F)C(F)(F)F,DTXSID301036219,,
OCC(SCCC(O)=O)C(O)C(F)(F)C(F)(F)C(F)(F)C(F)(F)C(F)(F)C(F)(F)F,DTXSID301036221,,
OCC(=O)SC(=O)CCC(F)(F)C(F)(F)C(F)(F)F,DTXSID301036457,,
OCC(=O)SC(=O)CCC(F)(F)C(F)(F)C(F)(F)C(F)(F)C(F)(F)C(F)(F)C(F)(F)C(F)(F)C(F)(F)F,DTXSID301036469,,
OCC(=O)SC(=O)CCC(F)(F)C(F)(F)C(F)(F)C(F)(F)C(F)(F)C(F)(F)C(F)(F)C(F)(F)C(F)(F)C(F)(F)C(F)(F)F,DTXSID301036471,,
OC(CSC(=O)CCC(F)(F)C(F)(F)C(F)(F)C(F)(F)C(F)(F)F)C(O)=O,DTXSID301036540,,
OS(=O)(=O)C(F)(F)C(F)(F)C(F)(F)C(F)(F)C(F)(F)C(F)(F)C(F)(F)C(F)(F)C(F)(F)C(F)C(F)(F)F,DTXSID301036883,,
FC(F)(F)C(F)(F)C(F)(F)C(F)(F)S(=O)OS(=O)C(F)(F)C(F)(F)C(F)(F)C(F)(F)F,DTXSID301045424,,
FC(F)(F)C(F)(C(F)(F)F)C(F)(OS(F)(=O)=O)C(F)(OS(F)(=O)=O)C(F)(F)OS(F)(=O)=O,DTXSID301106915,,
FC(F)(F)C(F)(F)C(F)(F)S,DTXSID301273605,,
OS(=O)(=O)C(F)(F)C(F)(F)C(F)(F)C(F)(F)S(O)(=O)=O,DTXSID301336635,,
OC(=O)C(F)(C(F)(F)C(F)(F)C(F)(F)C(F)(F)C(F)(F)C(F)(F)F)S(O)(=O)=O,DTXSID301348187,,
FC(F)(F)C(F)(F)C(F)(F)C(F)(F)C(F)(F)C(F)(F)C(F)(F)C(F)(F)C(F)(F)C(F)(F)S,DTXSID301348432,,
CCOS(=O)(=O)C(F)(F)C(F)(F)C(F)(F)C(F)(F)C(F)(F)C(F)(F)C(F)(F)C(F)(F)F,DTXSID301349616,,
OC\C=C(\S)C(F)(F)C(F)(F)C(F)(F)C(F)(F)C(F)(F)C(F)(F)C(F)(F)F,DTXSID301352235,,
OS(=O)(=O)C(F)(F)C(F)OC(F)(F)C(F)(F)OC(F)(F)C(F)(F)F,DTXSID301355039,,
OS(=O)(=O)C(F)(F)C(F)(F)OC(F)(F)C(F)(F)C(F)F,DTXSID301357485,,
FC(F)(F)C(F)(F)C(F)(F)C(F)(F)C(F)(F)C(F)(F)SSC(F)(F)C(F)(F)C(F)(F)C(F)(F)C(F)(F)C(F)(F)F,DTXSID30239942,,
CC1=CC=C(C=C1)S(=O)(=O)OCC(F)(F)C(F)(F)C(F)(F)C(F)(F)C(F)(F)C(F)F,DTXSID30340244,,
OS(=O)(=O)C(F)(F)C(F)(F)C(F)(F)C(F)(F)C(F)(F)C(F)(F)C(F)(F)C(F)(F)C(F)(F)C(F)(F)F,DTXSID3040148,,
FC(F)=C(F)OC(F)(F)C(F)(OC(F)(F)C(F)(F)S(F)(=O)=O)C(F)(F)F,DTXSID3044596,,
FC(F)(C(F)(F)S(F)(=O)=O)C(F)(F)S(F)(=O)=O,DTXSID30456354,,
FC(F)(F)C(F)(F)C(F)(F)OS(F)(=O)=O,DTXSID30503574,,
FC(F)C(F)(F)C(F)(F)C(F)(F)C(F)(F)C(F)(F)COS(F)=O,DTXSID30505795,,
FC(C(F)(F)C(F)(F)C(F)(F)C(F)(F)C(F)=C(F)F)S(F)(=O)=O,DTXSID30511174,,
OC(=O)CSC(F)(F)C(F)(F)C(F)(F)C(F)(F)C(F)(F)C(F)(F)C(F)(F)C(F)(F)F,DTXSID30512404,,
FC(=O)C(F)(F)C(F)(F)S(F)(=O)=O,DTXSID30543096,,
OCCOCCSCCC(F)(F)C(F)(F)C(F)(F)C(F)(F)C(F)(F)C(F)(F)F,DTXSID30551318,,
FC(F)=C(F)C(F)(F)C(F)(F)S(F)(=O)=O,DTXSID30567419,,
FC(F)(F)C(F)(F)C(F)(F)C(F)(F)C(F)(F)C(F)(F)S(F)(=O)=O,DTXSID3059973,,
FC(F)(F)C(F)(F)C(F)(F)C(F)(F)C(F)(F)C(F)(F)C(F)(F)COC1=CSC=C1,DTXSID30602213,,
CC(=C)C(=O)SCCC(F)(F)C(F)(F)C(F)(F)C(F)(F)C(F)(C(F)(F)F)C(F)(F)F,DTXSID3067574,,
FC(F)(F)C(F)(F)C(F)(F)C(F)(F)C(F)(F)C(F)(F)C(F)(F)C(F)(F)C(F)(F)S(F)(=O)=O,DTXSID3071351,,
FC(F)(F)C(F)(F)C(F)(F)C(F)(F)C(F)(F)C(F)(F)C(=O)CC(=O)C1=CC=CS1,DTXSID30775956,,
COC1=CC=CC=C1SC(F)(F)C(F)C(F)(F)F,DTXSID30841281,,
OS(=O)(=O)C(F)(F)C(F)(F)C(F)(F)C(F)(F)C(F)(F)OC(F)(F)F,DTXSID30881086,,
OS(=O)(=O)C(F)(F)C(F)(F)OC(F)(C(F)(F)F)C(F)(F)OC(F)=C(F)F,DTXSID30892354,,
CC(=O)SCCC(F)(C(F)(F)F)C(F)(F)F,DTXSID30896332,,
CCCCSC1=C(CC)C(=CC=C1C(F)(C(F)(F)F)C(F)(F)F)C(O)=O,DTXSID30896413,,
CCCS(=O)C1=C(CC)C(=CC=C1C(F)(C(F)(F)F)C(F)(F)F)C(O)=O,DTXSID30896433,,
CCCS(=O)(=O)C1=C(C)C(=CC=C1C(F)(C(F)(F)F)C(F)(F)F)C(O)=O,DTXSID30896438,,
OC(=O)C(F)(OC(F)(F)C(F)(F)C(F)(F)C(F)(F)S(O)(=O)=O)C(F)(F)F,DTXSID30904749,,
OS(=O)(=O)C(F)(F)C(F)(F)C(F)(F)C(F)(F)C(F)(C(F)(F)F)C(F)(F)C(F)(F)F,DTXSID401019145,,
[H]C(F)(F)C(F)(F)C(F)(F)C(F)(F)C(F)(F)C(F)(F)C(F)(F)C(F)(F)C(F)(F)C(F)(F)C(F)(F)C(F)(F)S(O)(=O)=O,DTXSID401019226,,
OC(CC(F)(F)C(F)(F)C(F)(F)C(F)(F)C(F)(F)C(F)(F)F)S(O)(=O)=O,DTXSID401022126,,
FC(F)(F)C(F)(F)C(F)(F)C(F)(F)C(F)(F)C(F)(F)C(F)(F)C(F)(F)CCOS(=O)(=O)C(F)(F)F,DTXSID401022283,,
CC1=C(C=C(S1)C1=CC=C(C=O)C=C1)C1=C(C2=C(C)SC(=C2)C2=CC=C(C=O)C=C2)C(F)(F)C(F)(F)C1(F)F,DTXSID401022352,,
CC1=CC=C(C=C1)S(=O)(=O)OCC(F)(F)C(F)(F)COS(=O)(=O)C1=CC=C(C)C=C1,DTXSID401022645,,
CS(=O)(=O)CC(F)(F)C(F)F,DTXSID401022940,,
FC(=O)C(F)(OC(F)(F)C(F)(F)C(F)(F)C(F)(F)S(F)(=O)=O)C(F)(F)F,DTXSID401023148,,
CSC(F)(F)C(F)(F)C(F)(F)OC(F)=C(F)F,DTXSID401023629,,
CCS(=O)(=O)C(F)(F)C(F)(F)F,DTXSID401026685,,
FC(F)(F)CSSC(F)(F)C(F)(F)F,DTXSID401026778,,
FC(F)(F)C(F)(CCCCCCS)C(F)(F)F,DTXSID401026916,,
FC(F)(F)C(F)(F)C(F)(F)C(F)(F)C(F)(F)C(F)(F)C(F)(F)C(F)(F)S(=O)(=O)CCOC(=O)C=C,DTXSID401027657,,
OS(=O)(=O)C(F)(F)C(F)(F)C(F)(F)C(F)(F)C(F)(F)C(F)(F)C(\F)=C(/F)C(F)(F)F,DTXSID401032284,,
OS(=O)(=O)C(F)(F)C(F)(F)C(F)C(F)(F)F,DTXSID401032327,,
OS(=O)(=O)C(F)(F)C(F)(F)C(F)(F)C(F)(F)C(F)(F)C(F)(F)C(F)(F)C(F)(F)C(=O)C(F)(F)F,DTXSID401032377,,
OC(CC(F)(F)C(F)(F)C(F)(F)C(F)(F)C(F)(F)C(F)(F)C(F)(F)C(F)(F)C(F)(F)C(F)(F)C(F)(F)C(F)(F)C(F)(F)F)S(O)(=O)=O,DTXSID401034604,,
OS(=O)(=O)CC(=O)CC(F)(F)C(F)(F)C(F)(F)C(F)(F)C(F)(F)C(F)(F)F,DTXSID401034628,,
OS(=O)(=O)CC(=O)CC(F)(F)C(F)(F)C(F)(F)C(F)(F)C(F)(F)C(F)(F)C(F)(F)C(F)(F)C(F)(F)C(F)(F)C(F)(F)F,DTXSID401034654,,
OS(=O)CCC(F)(F)C(F)(F)C(F)(F)C(F)(F)F,DTXSID401034747,,
OS(=O)(=O)C(F)(F)C(F)(F)C(F)(F)C(F)(F)C(F)(F)C(F)(F)C(F)(F)C(F)(F)C(F)(F)C(F)(F)C(F)(F)C(F)(F)C(F)(F)C(F)(F)OC(F)(F)F,DTXSID401034797,,
OS(=O)C(F)(F)C(F)(F)C(F)(F)C(F)(F)C(F)(F)C(F)(F)C(F)(F)C(F)(F)C(F)(F)C(F)(F)C(F)(F)F,DTXSID401034816,,
OS(=O)(=O)OC(F)(F)C(F)(F)C(F)(F)C(F)(F)C(F)(F)C(F)(F)C(F)(F)C(F)(F)C(F)(F)C(F)(F)C(F)(F)C(F)(F)F,DTXSID401034828,,
OS(=O)(=O)OC(F)(F)C(F)(F)C(F)(F)C(F)(F)C(F)(F)C(F)(F)C(F)(F)C(F)(F)C(F)(F)C(F)(F)F,DTXSID401034830,,
OS(=O)(=O)C1(F)C(F)(F)C(F)(F)C(F)(F)C(F)(C(F)(F)F)C1(F)F,DTXSID401034947,,
OS(=O)(=O)C1(F)C(F)(F)C(F)(F)C(F)(F)C(F)(C(F)(F)C(F)(F)C(F)(F)C(F)(F)C(F)(F)F)C1(F)F,DTXSID401034959,,
OS(=O)(=O)C(F)(F)C(F)(F)C(\F)=C(/F)C(F)(F)F,DTXSID401035202,,
OS(=O)(=O)OC(F)C(F)C(F)C(F)C(F)C(F)C(F)C(F)(F)C(F)(F)F,DTXSID401035214,,
OS(=O)(=O)C(F)(F)C(F)(F)C(F)(F)C(F)(F)C(F)(F)C(F)(F)C(\F)=C(/F)C(F)(F)C(F)(F)C(F)(F)C(F)(F)F,DTXSID401035288,,
OS(=O)(=O)CC(F)(F)C(F)(F)C(F)(F)C(F)(F)C(F)(F)C(F)(F)C(F)(F)C(F)(F)C(F)(F)C(F)(F)C(F)(F)F,DTXSID401035569,,
OS(=O)(=O)CC(F)(F)C(F)(F)C(F)(F)C(F)(F)C(F)(F)C(F)(F)C(F)(F)C(F)(F)C(F)(F)F,DTXSID401035571,,
OC(=O)CCS(=O)CCC(F)(F)C(F)(F)C(F)(F)C(F)(F)F,DTXSID401035852,,
OC(CC(O)=O)SCCC(F)(F)C(F)(F)C(F)(F)C(F)(F)C(F)(F)C(F)(F)C(F)(F)C(F)(F)F,DTXSID401036086,,
OC(=O)CSCCC(F)(F)C(F)(F)C(F)(F)C(F)(F)C(F)(F)C(F)(F)C(F)(F)C(F)(F)C(F)(F)C(F)(F)C(F)(F)C(F)(F)C(F)(F)C(F)(F)F,DTXSID401036179,,
OS(=O)(=O)CC=C(F)C(F)(F)C(F)(F)F,DTXSID401036298,,
OS(=O)(=O)CC=C(F)C(F)(F)C(F)(F)C(F)(F)C(F)(F)C(F)(F)C(F)(F)C(F)(F)C(F)(F)F,DTXSID401036329,,
OC(C(O)=O)C(=O)SC(=O)CCC(F)(F)C(F)(F)C(F)(F)C(F)(F)C(F)(F)C(F)(F)C(F)(F)C(F)(F)C(F)(F)C(F)(F)C(F)(F)F,DTXSID401036529,,
OC(CSC(=O)CCC(F)(F)C(F)(F)C(F)(F)C(F)(F)C(F)(F)C(F)(F)C(F)(F)C(F)(F)F)C(O)=O,DTXSID401036543,,
FC(F)(F)C(F)(F)C(F)(F)C(F)(F)S(=O)(=O)C(S(=O)(=O)C(F)(F)F)S(=O)(=O)C(F)(F)C(F)(F)C(F)(F)C(F)(F)F,DTXSID401103352,,
FC(F)C(F)(F)C(F)(F)C(F)(F)COS(=O)OCC(F)(F)C(F)(F)C(F)(F)C(F)F,DTXSID401215872,,
OS(=O)(=O)C(F)(F)C(F)(F)OC(F)(F)C(F)(F)C=C,DTXSID401336652,,
OC(=O)C=C(S)C(F)(F)C(F)(F)C(F)(F)C(F)(F)C(F)(F)C(F)(F)C(F)(F)F,DTXSID401352202,,
OS(=O)(=O)C(F)(F)C(F)(F)OC(F)(C(F)(F)F)C(F)(F)C(F)(F)OC(F)=C(F)F,DTXSID401357488,,
OC(=O)C(F)(OC(F)(F)C(F)(OC(F)=C(F)F)OC(F)(F)C(F)(F)S(O)(=O)=O)C(F)(F)F,DTXSID401357490,,
FC(F)(F)C(F)(F)C(F)(F)C(=O)CC(=O)C1=CSC2=CC=CC=C12,DTXSID40292124,,
CC1=CC=CC=C1OS(=O)(=O)C(F)(F)C(F)(F)C(F)(F)C(F)(F)F,DTXSID40330474,,
CC1=CC=C(C=C1)S(=O)(=O)OCC(F)(F)C(F)(F)F,DTXSID40379767,,
FC(F)(F)C(F)(F)C(F)(F)C(F)(F)S(=O)(=O)OS(=O)(=O)C(F)(F)C(F)(F)C(F)(F)C(F)(F)F,DTXSID40190398,,
FC(F)(OCC=C)C(F)(F)S(F)(=O)=O,DTXSID40381986,,
OC(=O)CSC(F)(F)C(F)(F)C(F)(F)F,DTXSID40392097,,
FC(F)C(F)(F)OC(F)(F)C(F)(F)S(F)(=O)=O,DTXSID40446988,,
FC(F)(F)C(F)(F)C(F)(F)C(F)(F)C(F)(F)C(F)(F)S(=O)(=O)C=C,DTXSID40466747,,
OC(=O)C(F)(F)OC(F)(F)C(F)(F)S(O)(=O)=O,DTXSID40527009,,
CC(=O)C(C(CS(=O)(=O)C(F)(F)C(F)(F)C(F)(F)C(F)(F)C(F)(F)C(F)(F)F)C1=CC=CO1)C(C)=O,DTXSID40529609,,
FC(C(F)(F)C(F)S(F)(=O)=O)S(F)(=O)=O,DTXSID40529780,,
OC1=CC=C(SCC(F)(F)C(F)F)C=C1,DTXSID40533680,,
OC(=O)C(F)(F)C(F)(F)C(F)(F)S(O)(=O)=O,DTXSID40546710,,
OC(=O)CCSCCC(F)(F)C(F)(F)C(F)(F)C(F)(F)C(F)(F)C(F)(F)F,DTXSID40571648,,
COC(=O)C1=CC(=CC=C1)S(=O)(=O)C(F)(F)C(F)(F)C(F)(F)F,DTXSID40575045,,
FC(F)(F)C(F)(F)C(=O)CC(=O)C1=CC=CS1,DTXSID40588675,,
FC(F)(C(F)(F)C(F)(F)C(F)(F)S(F)(=O)=O)C(F)(F)C(F)(F)S(F)(=O)=O,DTXSID40614988,,
FC(F)(F)C(F)(F)C(F)(F)C(F)(F)C(F)(F)C(F)(F)C(F)(F)CCS,DTXSID40781806,,
FC(F)(F)C(F)(F)C(F)(F)C(F)(F)S(=O)(=O)C(=CC1=CC=CC=C1)S(=O)(=O)C(F)(F)C(F)(F)C(F)(F)C(F)(F)F,DTXSID40795347,,
FC(F)(F)C(F)(F)C(F)(F)C(F)(F)C(F)(F)C(F)(F)C1=C(SC=C1)C1=C(C=CS1)C(F)(F)C(F)(F)C(F)(F)C(F)(F)C(F)(F)C(F)(F)F,DTXSID40804004,,
FC(F)(F)C(F)(F)C(F)(F)C(=O)OCC1=CSC=C1,DTXSID40826089,,
CC1=CC=C(C=CS(=O)(=O)C(F)(F)C(F)(F)C(F)(F)C(F)(F)C(F)(F)C(F)(F)F)C=C1,DTXSID40833359,,
CCCCC1=CSC(=C1)C1=C(CCCCCC(F)(F)C(F)(F)C(F)(F)C(F)(F)F)C=CS1,DTXSID40844586,,
FC(=O)C(F)(OC(F)(F)C(F)(OC(F)(F)C(F)(F)S(F)(=O)=O)C(F)(F)F)C(F)(F)F,DTXSID40863318,,
FC(=O)C(F)(OC(F)(F)C(F)(F)S(F)(=O)=O)C(F)(F)F,DTXSID40880202,,
FC(F)(F)C(F)(F)C(F)(F)C(F)(F)CCS,DTXSID40880388,,
[H]C(F)(F)C(F)(F)C(F)(F)C(F)(F)S(O)(=O)=O,DTXSID40880949,,
OS(=O)(=O)C(F)(F)C(F)(F)OC(F)(C(F)(F)F)C(F)(F)OC(F)(F)C(F)F,DTXSID40892264,,
OS(=O)(=O)C1=CC=C(OC(F)(F)C(F)(F)C(F)(F)C(F)(F)C(F)=C(F)F)C=C1,DTXSID40893453,,
FC(F)(F)C(F)(F)C(F)(F)C(F)(F)C(F)(F)C(F)(F)C(F)(F)C(F)(F)C1=CC=CS1,DTXSID40895972,,
CC1=CC=C(OS(=O)(=O)C(F)(F)C(F)(F)C(F)(F)C(F)(F)F)C=C1,DTXSID40896040,,
FC1=CC=C(C=C1)S(=O)(=O)C(F)(F)C(F)(F)C(F)(F)C(F)(F)C(F)(F)C(F)(F)F,DTXSID40896141,,
CCC(C)SC1=C(C)C(=CC=C1C(F)(C(F)(F)F)C(F)(F)F)C(O)=O,DTXSID40896404,,
CCC1=C(SC(C)(C)C)C(=CC=C1C(O)=O)C(F)(C(F)(F)F)C(F)(F)F,DTXSID40896409,,
CCC1=C(C(=CC=C1C(O)=O)C(F)(C(F)(F)F)C(F)(F)F)S(=O)C(C)C,DTXSID40896424,,
CC(C)CS(=O)C1=C(C)C(=CC=C1C(F)(C(F)(F)F)C(F)(F)F)C(O)=O,DTXSID40896429,,
CCCCS(=O)(=O)C1=C(CC)C(=CC=C1C(F)(C(F)(F)F)C(F)(F)F)C(O)=O,DTXSID40896449,,
FC(F)(F)C(F)(F)C(F)(F)C(F)(F)S(=O)(=O)C(S(=O)(=O)C(F)(F)C(F)(F)C(F)(F)C(F)(F)F)S(=O)(=O)C(F)(F)C(F)(F)C(F)(F)C(F)(F)F,DTXSID40896722,,
OS(=O)(=O)C(F)(F)C(F)(F)C(F)(F)C(F)(F)C(F)(F)C(F)(F)C(F)(F)C(F)(F)C(F)(F)C(F)(F)C(F)(F)F,DTXSID40904573,,
OC(=O)C(F)(OC(F)(F)C(F)(OC(F)(F)C(F)(F)S(O)(=O)=O)C(F)(F)F)C(F)(F)F,DTXSID40904750,,
OS(=O)(=O)C(F)(F)C(F)OC(F)(F)C(F)(F)C(F)(F)F,DTXSID40904755,,
FC1(F)SSC2C3CCC(C3)C2C1(F)F,DTXSID40907605,,
OS(=O)(=O)C(F)(F)C(F)(C(F)(F)F)C(F)(F)C(F)(F)C(F)(F)C(F)(F)C(F)(F)F,DTXSID501019148,,
[H]C(F)(F)C(F)(F)C(F)(F)C(F)(F)C(F)(F)C(F)(F)C(F)(F)C(F)(F)S(O)(=O)=O,DTXSID501019229,,
OS(=O)(=O)C(F)(F)C(F)(F)C(F)(F)C(F)C(F)=C(F)C(F)(F)F,DTXSID501022129,,
FC(F)=C(F)C(F)(F)OC(F)(F)C(F)(F)S(F)(=O)=O,DTXSID501023577,,
OS(=O)(=O)C(F)(F)C(F)(F)C(F)(F)S(O)(=O)=O,DTXSID501026707,,
CC(OS(=O)(=O)C(F)(F)C(F)(F)F)OS(=O)(=O)C(F)(F)C(F)(F)F,DTXSID501026864,,
FC(F)(F)C(F)(F)CCOS(=O)(=O)C(F)(F)F,DTXSID501026921,,
OS(=O)(=O)C(F)(F)C(F)(F)C(F)(F)C(F)(F)C(F)(F)C(F)=C(F)C(F)(F)F,DTXSID501032594,,
OS(=O)(=O)C(F)(F)C(F)(F)C(F)C(F)=C(F)C(F)(F)F,DTXSID501032601,,
OS(=O)(=O)CC(F)(F)C(F)(F)C(F)(F)C(F)(F)C(F)(F)F,DTXSID501033485,,
OS(=O)(=O)C1=CC(OC(F)(F)C(F)C(F)(F)F)=C(OC(F)(F)C(F)C(F)(F)F)C(OC(F)(F)C(F)C(F)(F)F)=C1,DTXSID501033578,,
OC(CC(F)(F)C(F)(F)F)S(O)(=O)=O,DTXSID501034483,,
OS(=O)(=O)CC(=O)CC(F)(F)C(F)(F)F,DTXSID501034619,,
OS(=O)(=O)CC(=O)CC(F)(F)C(F)(F)C(F)(F)F,DTXSID501034621,,
OS(=O)(=O)CC(=O)CC(F)(F)C(F)(F)C(F)(F)C(F)(F)C(F)(F)C(F)(F)C(F)(F)C(F)(F)F,DTXSID501034633,,
OS(=O)(=O)CC(=O)CC(F)(F)C(F)(F)C(F)(F)C(F)(F)C(F)(F)C(F)(F)C(F)(F)C(F)(F)C(F)(F)C(F)(F)C(F)(F)C(F)(F)C(F)(F)F,DTXSID501034657,,
OS(=O)(=O)OC(F)(F)C(F)(F)C(F)(F)C(F)(F)C(F)(F)C(F)(F)C(F)(F)C(F)(F)F,DTXSID501034833,,
OS(=O)(=O)C1(F)C(F)(F)C(F)(F)C(F)(F)C(F)(C(F)(F)C(F)(F)C(F)(F)F)C1(F)F,DTXSID501034952,,
OS(=O)(=O)C(F)(F)C(F)(F)C(F)(F)C(F)(F)C(F)(F)C(F)C(\F)=C(/F)C(F)(F)C(F)(F)F,DTXSID501035029,,
OS(=O)(=O)C(F)(F)C(F)(F)C(F)(F)C(F)(F)C(F)(F)C(F)C(\F)=C(/F)C(F)(F)C(F)(F)C(F)(F)C(F)(F)C(F)(F)F,DTXSID501035112,,
OS(=O)(=O)CC(F)(F)C(F)(F)C(F)(F)C(F)(F)C(F)(F)C(F)(F)C(F)(F)C(F)(F)C(F)(F)C(F)(F)C(F)(F)C(F)(F)C(F)(F)F,DTXSID501035548,,
OS(=O)CCC(F)(F)C(F)(F)C(F)(F)C(F)(F)C(F)(F)C(F)(F)C(F)(F)C(F)(F)C(F)(F)C(F)(F)F,DTXSID501035750,,
OC(=O)CCS(=O)CCC(F)(F)C(F)(F)C(F)(F)C(F)(F)C(F)(F)C(F)(F)C(F)(F)C(F)(F)C(F)(F)C(F)(F)F,DTXSID501035855,,
CCC1=C(SC(C)C)C(=CC=C1C(O)=O)C(F)(C(F)(F)F)C(F)(F)F,DTXSID50896399,,
CCC1=C(C(=CC=C1C(O)=O)C(F)(C(F)(F)F)C(F)(F)F)S(=O)C(C)(C)C,DTXSID50896430,,
OOS(=O)(=O)C(F)(F)C(F)(F)C(F)(F)C(F)(F)F,DTXSID50896697,,
OC(CC(O)=O)SCCC(F)(F)C(F)(F)C(F)(F)C(F)(F)C(F)(F)C(F)(F)C(F)(F)C(F)(F)C(F)(F)C(F)(F)C(F)(F)C(F)(F)C(F)(F)C(F)(F)F,DTXSID501036091,,
OCC(SCCC(O)=O)C(O)C(F)(F)C(F)(F)C(F)(F)C(F)(F)C(F)(F)C(F)(F)C(F)(F)C(F)(F)C(F)(F)C(F)(F)F,DTXSID501036227,,
OS(=O)(=O)CC=C(F)C(F)(F)C(F)(F)C(F)(F)C(F)(F)C(F)(F)C(F)(F)F,DTXSID501036308,,
OC(C(O)=O)C(=O)SC(=O)CCC(F)(F)C(F)(F)C(F)(F)F,DTXSID501036477,,
OS(=O)(=O)C(F)(F)C(F)(F)OC(F)(C(F)(F)F)C(F)(F)OC(F)(C(F)(F)F)C(F)(F)OC(F)(F)C(F)(F)F,DTXSID501047321,,
FC(F)C(F)(F)C(F)(F)C(F)(F)C(F)(F)C(F)(F)COS(=O)(=O)C1=CC=CC=C1,DTXSID501158067,,
FC(F)(F)C(F)(F)C(F)(F)CS,DTXSID501279580,,
OS(=O)(=O)C(F)(F)C(F)(F)C(F)(F)C(F)(F)C(F)(F)C(F)(F)C(=O)C(F)(F)C(F)(F)C(F)(F)F,DTXSID501335695,,
OS(=O)(=O)C(F)(F)C(F)(F)C(F)(F)C(F)(F)OC(F)=C(F)F,DTXSID501336162,,
OS(=O)(=O)C(F)(F)C(F)(F)OC(F)(F)C(F)(F)C(F)(F)C(F)(F)C(F)(F)C(F)F,DTXSID501336205,,
OC(=O)C(F)(F)C(F)(F)S(F)(=O)=O,DTXSID501336243,,
OS(=O)(=O)C(F)(F)C(F)(F)C(F)(F)OC(F)=C(F)F,DTXSID501336562,,
OS(=O)(=O)C(F)(F)C(F)(F)C(F)(F)C(F)(F)C(F)(F)C(F)(F)S(O)(=O)=O,DTXSID501336655,,
OS(=O)(=O)C(F)(F)C(F)(F)C(F)(F)C(F)(F)C(F)(F)C(F)(F)C(F)(F)C(F)(F)C(F)(F)C(F)(F)S(O)(=O)=O,DTXSID501348290,,
FOS(=O)(=O)C(F)(F)C(F)(F)OC(F)(C(F)(F)F)C(F)(F)OC(F)(F)C(F)(F)F,DTXSID501348371,,
CSC1=CC=C(C=C1)[C@H]1OC[C@@]2(C)[C@@H](CC[C@@]2(O)C(F)(F)C(F)(F)F)[C@@H]2CCC3=CC(=O)CCC3=C12,DTXSID501348571,,
OS(=O)(=O)C(F)(F)C(F)(F)OC(F)(F)C(F)(F)C(F)(F)C(F)(F)C(F)(F)C(F)(F)C(F)(F)C(F)F,DTXSID501352667,,
OS(=O)(=O)C(F)(F)C(F)(F)C(F)(F)C(C(F)(F)F)(C(F)(F)F)C(F)(F)F,DTXSID501355542,,
[H]C(F)(F)C(F)(OC(F)(F)C(F)(F)S(O)(=O)=O)C(F)(F)F,DTXSID501357574,,
FC(F)(F)C(F)(F)C(F)(F)C(F)(F)C(F)(F)C(F)(F)C(F)(F)C(F)(F)S(F)(=O)=O,DTXSID5027140,,
CC(S)=CC(=O)C(F)(F)C(F)(F)C(F)(F)C(F)F,DTXSID50276399,,
OC(=O)CSC(CC(O)=O)C(F)(F)C(F)(F)C(F)(F)F,DTXSID50301791,,
CC1=CC=C(C=C1)S(=O)(=O)OCC(F)(F)C(F)(F)C(F)(F)C(F)(F)C(F)(F)C(F)(F)C(F)(F)F,DTXSID50306049,,
CC1=CC=C(C=C1)S(=O)(=O)OCC(F)(F)C(F)(F)C(F)(F)C(F)F,DTXSID50379733,,
OS(=O)(=O)C(F)(F)C(F)(F)OC(F)(F)C(F)(F)F,DTXSID50379814,,
FC(F)(OC(F)(F)C(F)(F)S(F)(=O)=O)C(F)(F)S(F)(=O)=O,DTXSID50380829,,
CC1=CC=C(C=C1)S(=O)(=O)OCC(F)(F)C(F)(F)C(F)(F)C(F)(F)F,DTXSID50382065,,
OC(=O)C1=CC=C(SC(F)(F)C(F)(F)C(F)(F)F)C=C1,DTXSID50398409,,
FC(F)(F)C(F)(F)C(F)(F)C(F)(F)S(=O)(=O)O\C1=C\CCCCCC1,DTXSID50420375,,
FC(F)(OC(F)(F)C(F)(F)S(F)(=O)=O)C(F)(F)C=C,DTXSID50449400,,
FC(F)(F)C(F)(F)CCCS,DTXSID50456573,,
[H][C@@]12CC[C@H](O)[C@@]1(C)CC[C@]1([H])C3=CC=C(O)C=C3C[C@@H](CCCCCCCCCSCCCC(F)(F)C(F)(F)F)[C@@]21[H],DTXSID50462159,,
OC(F)(F)C(F)(F)S(F)(=O)=O,DTXSID50508304,,
CC1=CC=C(SC(F)(F)C(F)(F)C(F)(F)F)C=C1,DTXSID50510280,,
FC(F)(F)C(F)(F)C(F)(F)SCC1=CC=CC=C1,DTXSID50512406,,
OS(=O)C(F)(F)C(F)(F)OC(F)(F)C(F)F,DTXSID50515851,,
FC(F)(F)C(F)(F)C(F)(F)C(F)(F)C(F)(F)C(F)(F)SC1=CC=CC=C1,DTXSID50528481,,
CSC(F)(F)C(F)(F)C(O)=O,DTXSID50536980,,
CCSC(F)(F)C(F)(F)C(F)=O,DTXSID50543518,,
OS(=O)(=O)C(CC(=O)OCC(F)(F)C(F)(F)C(F)(F)C(F)F)C(=O)OCC(F)(F)C(F)(F)C(F)(F)C(F)F,DTXSID50549378,,
FC(C(F)(F)C(F)(F)C(F)S(F)(=O)=O)S(F)(=O)=O,DTXSID50557352,,
FC(F)C(F)(F)C(F)(F)C(F)(F)CS(=O)(=O)CC1=CC=CC=C1,DTXSID50572121,,
OC(=O)C1=CC(SC(F)(C(F)(F)F)C(F)(F)F)=CC=C1,DTXSID50575056,,
CC1=C(C(C)=CS1)C1=C(C2=C(C)SC=C2C)C(F)(F)C(F)(F)C1(F)F,DTXSID50578320,,
OCCS(=O)CCC(F)(F)C(F)(F)C(F)(F)C(F)(F)C(F)(F)C(F)(F)F,DTXSID50582321,,
OC1=CC=C(SCCC(F)(F)C(F)(F)C(F)(F)C(F)(F)F)C=C1,DTXSID50583712,,
FC(F)(F)C(F)(F)C(F)(F)C(F)(F)C(F)(F)C(F)(F)C(F)(F)C(F)(F)C(F)(F)C(F)(F)S(F)(=O)=O,DTXSID5059795,,
FC(F)(F)C(F)(F)C(F)(F)C(F)(F)S,DTXSID50607462,,
OCCSC(F)=C(F)C(F)(F)C(F)(F)F,DTXSID50764549,,
CC(=O)C=C(S)C(F)C(F)(F)F,DTXSID50766664,,
FC(F)(F)C(F)(F)C(F)(F)C(F)(F)C(F)(F)C(F)(F)S(=O)(=O)C=CC1=CC=CO1,DTXSID50833360,,
OC(=O)CCCCCSCCC(F)(F)C(F)(F)C(F)(F)C(F)(F)F,DTXSID50851029,,
FC(F)(F)C(F)(F)C(F)(F)C(F)(F)C(F)(F)S(F)(=O)=O,DTXSID50880137,,
FC(C(F)(F)F)S(F)(=O)=O,DTXSID50880177,,
FC(F)(F)C1(F)C(F)(F)C(F)(F)C(F)(F)C(F)(F)C1(F)S(F)(=O)=O,DTXSID50880612,,
CCSC(SCC)C(F)(F)C(F)(F)C(F)(F)F,DTXSID50895463,,
FC(F)(F)C(F)(F)C(F)(F)C(F)(F)C1=CC=CS1,DTXSID50895680,,
FC(F)(F)C(F)(F)C(F)(F)C(F)(F)CCOS(=O)(=O)C(F)(F)F,DTXSID50895741,,
FC(F)(F)C(F)(F)C(F)(F)C(F)(F)C(F)(F)COS(=O)(=O)C(F)(F)F,DTXSID50895923,,
CCOC(=O)\C=C\S(=O)C(F)(F)C(F)(F)C(F)(F)C(F)(F)F,DTXSID50896036,,
OC1=CC=C(OS(=O)(=O)C(F)(F)C(F)(F)C(F)(F)C(F)(F)F)C=C1,DTXSID50896076,,
CC1=CC=C(C=C1)S(=O)(=O)OCC(F)(F)C(F)(F)C(F)(F)CO,DTXSID50950006,,
FCCCOS(=O)(=O)C(F)(F)C(F)(F)C(F)(F)C(F)(F)F,DTXSID601023168,,
OC(=O)C(F)(F)OC(F)(F)C(F)(OC(F)(F)C(F)(F)S(O)(=O)=O)C(F)(F)F,DTXSID601024716,,
OS(=O)(=O)C(F)(F)C(F)(F)C(F)(F)C(F)(F)C(F)(F)C(F)(F)C(F)(F)C(F)(F)C(F)(F)C(F)(F)C(F)(F)C(F)(F)C(F)(F)C(F)(F)C(F)(F)F,DTXSID601009914,,
OS(=O)(=O)C1=CC=C(OC(F)(F)C(F)(F)C(F)(F)C(F)(F)C(F)(F)C(F)(F)C(F)(F)C(F)(F)C(F)(F)C(F)(F)F)C=C1,DTXSID601020695,,
OS(=O)(=O)C(F)(F)C(F)OC(F)(F)C(F)(F)F,DTXSID601026681,,
OC1C2CCC(C2)C1OC(=O)C(F)(C(F)(F)F)S(O)(=O)=O,DTXSID601026829,,
FC(F)C1(F)C(F)(F)CS(=O)(=O)C1(F)F,DTXSID601026843,,
OS(=O)(=O)C(F)(F)C(F)(F)C(F)(F)C(F)(F)C(F)(F)C(F)(F)C(F)(F)OC(F)(F)F,DTXSID601032230,,
OS(=O)(=O)C(F)(F)C(F)(F)C(F)(F)C(F)(F)C(F)(F)C(=O)C(F)(F)F,DTXSID601032373,,
OS(=O)(=O)C(F)(F)C(F)(F)C(F)(F)C(F)(F)C(F)(F)C(F)(F)C(F)(F)C(F)(F)C(F)=C(F)C(F)(F)F,DTXSID601032597,,
OS(=O)(=O)C(F)(F)C(F)(F)C(F)(F)C(F)(F)C(F)(F)C(F)C(F)=C(F)C(F)(F)F,DTXSID601032604,,
OS(=O)C(F)(F)C(F)(F)C(F)(F)C(F)(F)C(F)(F)C(F)(F)F,DTXSID601032911,,
OS(=O)(=O)CC(=O)CC(F)(F)C(F)(F)C(F)(F)C(F)(F)C(F)(F)F,DTXSID601034624,,
OS(=O)(=O)OC(F)(F)C(F)(F)C(F)(F)C(F)(F)C(F)(F)F,DTXSID601034836,,
OS(=O)(=O)C1=CC=C(O\C(F)=C(/F)C(F)(F)C(F)(F)C(F)(F)C(F)(F)C(F)(F)C(F)(F)C(F)(F)C(F)(F)F)C=C1,DTXSID601035103,,
OS(=O)(=O)OC(F)C(F)(F)C(F)(F)F,DTXSID601035210,,
OC(=O)CSCCC(F)(F)C(F)(F)F,DTXSID601036101,,
OCC(SCCC(O)=O)C(O)C(F)(F)C(F)(F)C(F)(F)C(F)(F)F,DTXSID601036220,,
OS(=O)(=O)CC=C(F)C(F)(F)C(F)(F)C(F)(F)F,DTXSID601036301,,
OS(=O)(=O)CC=C(F)C(F)(F)C(F)(F)C(F)(F)C(F)(F)C(F)(F)C(F)(F)C(F)(F)C(F)(F)C(F)(F)C(F)(F)F,DTXSID601036337,,
OCC(=O)SC(=O)CCC(F)(F)C(F)(F)F,DTXSID601036456,,
OCC(=O)SC(=O)CCC(F)(F)C(F)(F)C(F)(F)C(F)(F)C(F)(F)C(F)(F)C(F)(F)C(F)(F)F,DTXSID601036468,,
OCC(=O)SC(=O)CCC(F)(F)C(F)(F)C(F)(F)C(F)(F)C(F)(F)C(F)(F)C(F)(F)C(F)(F)C(F)(F)C(F)(F)F,DTXSID601036470,,
OC(C(O)=O)C(=O)SC(=O)CCC(F)(F)C(F)(F)C(F)(F)C(F)(F)C(F)(F)C(F)(F)C(F)(F)C(F)(F)F,DTXSID601036525,,
OS(=O)(=O)C(F)(F)C(F)(F)OC(F)(F)F,DTXSID601036913,,
FC(F)(F)OC(F)(F)C(F)(F)C(F)(F)S(F)(=O)=O,DTXSID601045809,,
OS(=O)(=O)C(F)(F)C(F)(F)C(F)(F)C(F)(C(F)(F)F)C(F)(F)C(F)(F)F,DTXSID601047817,,
CCSC(F)(F)C(F)(F)C(O)=O,DTXSID601336246,,
OC(F)(F)C(F)(F)S(O)(=O)=O,DTXSID601336622,,
OS(=O)(=O)C(F)(F)C(F)(F)C(F)(F)OC(F)(C(F)(F)F)C(F)(F)OC(F)=C(F)F,DTXSID601336646,,
OS(=O)(=O)C(F)(F)C(F)(F)OCC=C,DTXSID601336658,,
FC(F)(F)C(F)(F)C(F)(F)C(F)(F)CCCC1=CSC=C1,DTXSID601348067,,
COC1=CC=C(C=C1)C1=CC(=C(C)S1)C1=C(C2=C(C)SC(=C2)C2=CC=C(OC)C=C2)C(F)(F)C(F)(F)C1(F)F,DTXSID601348443,,
COS(=O)(=O)C(F)(F)C(F)(F)C(F)(F)C(F)(F)C(F)(F)C(F)(F)C(F)(F)C(F)(F)F,DTXSID601349615,,
OCCSC(F)(F)C(F)OC(F)(F)C(F)(F)C(F)(F)F,DTXSID601353082,,
OC(=O)C(CC(=O)OCCSC(F)(F)C(F)OC(F)(F)C(F)(F)C(F)(F)F)S(O)(=O)=O,DTXSID601353282,,
OS(=O)(=O)C(F)(F)C(F)OC(F)(F)C(F)(F)C(F)(F)C(F)(F)F,DTXSID601355038,,
OS(=O)(=O)C(F)(F)C(F)(F)C(F)(F)C(F)(F)C(C(F)(F)F)(C(F)(F)F)C(F)(F)F,DTXSID601357872,,
FC(F)(F)C(F)(F)S(=O)OS(=O)C(F)(F)C(F)(F)F,DTXSID601358018,,
CC1=CC(C(=O)CC(=O)C(F)(F)C(F)(F)C(F)(F)F)=C(C)S1,DTXSID60292106,,
CS(=O)(=O)C(F)(F)C(F)(F)C(F)(F)C(F)(F)F,DTXSID60330471,,
FC(F)(F)C(F)(F)COS(=O)(=O)C(F)(F)F,DTXSID60379769,,
FC(F)(F)COS(=O)(=O)C(F)(F)C(F)(F)C(F)(F)C(F)(F)F,DTXSID60380390,,
CC1=CC=C(C=C1)S(=O)(=O)OCC(F)(F)C(F)(F)C(F)(F)C(F)(F)C(F)(F)F,DTXSID60382071,,
CC1=CC=C(C=C1)S(=O)(=O)OCC(F)(F)C(F)(F)C(F)(F)C(F)(F)COS(=O)(=O)C1=CC=C(C)C=C1,DTXSID60382096,,
FC(F)(F)C(F)(F)OC(F)(F)C(F)(F)S(F)(=O)=O,DTXSID60382152,,
CC1=C(C(C)=C(S1)C1=CC=CC=C1)C1=C(C2=C(C)SC(=C2C)C2=CC=CC=C2)C(F)(F)C(F)(F)C1(F)F,DTXSID60443914,,
FC(F)C(F)(F)SC1=CC=CC=C1,DTXSID60509685,,
FC(F)(F)C(F)(F)C(F)(F)C(F)(F)OC(F)(F)C(F)(F)S(F)(=O)=O,DTXSID60527006,,
OC1=CC=C(SCC(F)(F)C(F)(F)F)C=C1,DTXSID60533682,,
CCC(=O)C(F)C(F)(F)SC1=CC=CC=C1,DTXSID60542118,,
FC(F)C(F)(F)C(F)(F)OS(F)(=O)=O,DTXSID60544571,,
FC(F)(OCC1CO1)C(F)(F)S(F)(=O)=O,DTXSID60560670,,
FC1(F)C(F)(F)S(=O)(=O)C(C2=CC=CC=C2)S(=O)(=O)C1(F)F,DTXSID60569865,,
OC(=O)C1=CC=C(C=C1)S(=O)(=O)C(F)(C(F)(F)F)C(F)(F)F,DTXSID60575047,,
COC(=O)C(F)(C(F)(F)F)S(F)(=O)=O,DTXSID60660487,,
OC1=CC=C(SC(F)(F)C(F)(F)C(F)(F)C(F)(F)C(F)(F)C(F)(F)C(F)(F)C(F)(F)C(F)(F)C(F)(F)C(F)(F)C(F)(F)F)C=C1,DTXSID60774058,,
FC(F)C(F)(F)C(F)(F)C#CSCC1=CC=CC=C1,DTXSID60782537,,
FC(F)(F)C(F)(F)C(F)(F)C(F)(F)S(=O)(=O)CCCOC(=O)C=C,DTXSID60833295,,
OC(=O)CCCCCCCCCCSCCC(F)(F)C(F)(F)C(F)(F)C(F)(F)F,DTXSID60851030,,
FC(F)(F)C(F)(F)C(F)(F)C(F)(F)S(=O)(=O)CC(=O)C1=CC=CC=C1,DTXSID60852340,,
OS(=O)(=O)C1(F)C(F)(F)C(F)(F)C(F)(C(F)(F)F)C(F)(F)C1(F)C(F)(F)F,DTXSID60867515,,
OS(=O)(=O)C(F)(F)C(F)(F)OC(F)=C(F)F,DTXSID60869539,,
OS(=O)(=O)C(F)(F)C(F)(F)C(F)(F)C(F)(F)C(F)(F)C(F)(F)C(F)(C(F)(F)F)C(F)(F)F,DTXSID60881877,,
CS(=O)(=O)OCC(F)(F)C(F)(F)C(F)(F)F,DTXSID30895522,,
CC=CS(=O)(=O)C(F)(F)C(F)(F)C(F)(F)C(F)(F)F,DTXSID60792479,,
OC(=O)CSCCC(F)(F)C(F)(F)C(F)(F)C(F)(F)C(F)(F)C(F)(F)F,DTXSID60892600,,
OCCSCCC(F)(F)C(F)(F)C(F)(F)C(F)(F)F,DTXSID60895494,,
CC(=O)SCCC(F)(F)C(F)(F)C(F)(F)C(F)(F)C(F)(F)C(F)(F)F,DTXSID60895691,,
CS(=O)(=O)OCC(F)(F)C(F)(F)C(F)(F)C(F)(F)C(F)(F)F,DTXSID60895696,,
FC(F)(F)C(F)(F)C(F)(F)C(F)(F)C(F)(F)C(F)(F)C(F)(F)COS(=O)(=O)C(F)(F)C(F)(F)C(F)(F)C(F)(F)F,DTXSID60896002,,
CCOC(=O)C1=CC=C(SC(F)(F)C(F)(F)C(F)(F)C(F)(F)F)C=C1,DTXSID60896087,,
CC1=CC=C(C=C1)S(=O)(=O)OCC(F)(F)C(F)(F)C(F)(F)C(F)(F)C(F)(F)C(F)(F)F,DTXSID60896103,,
CC(C)CSC1=C(C)C(=CC=C1C(F)(C(F)(F)F)C(F)(F)F)C(O)=O,DTXSID60896401,,
CCCCSC1=C(C)C(=CC=C1C(F)(C(F)(F)F)C(F)(F)F)C(O)=O,DTXSID60896406,,
CCC1=C(C(=CC=C1C(O)=O)C(F)(C(F)(F)F)C(F)(F)F)S(=O)CC,DTXSID60896421,,
CCCS(=O)C1=C(C)C(=CC=C1C(F)(C(F)(F)F)C(F)(F)F)C(O)=O,DTXSID60896426,,
CCC(C)S(=O)(=O)C1=C(C)C(=CC=C1C(F)(C(F)(F)F)C(F)(F)F)C(O)=O,DTXSID60896441,,
CCCCS(=O)(=O)C1=C(C)C(=CC=C1C(F)(C(F)(F)F)C(F)(F)F)C(O)=O,DTXSID60896446,,
FC(F)(F)C(F)(F)C(F)(F)C(F)(F)S(=O)(=O)OCCOS(=O)(=O)C(F)(F)C(F)(F)C(F)(F)C(F)(F)F,DTXSID60897019,,
OS(=O)(=O)C(F)(F)C(F)(F)OC(F)(F)C(F)(F)C(F)(F)C(F)(F)C(F)(F)C(F)(F)F,DTXSID60904575,,
FC1(F)SC2=C(C3CCC2C3)C1(F)F,DTXSID60907607,,
OS(=O)(=O)C(F)(F)C(F)(F)C(F)(F)C(F)(F)C(F)(F)C(F)(C(F)(F)F)C(F)(F)F,DTXSID701019144,,
OS(=O)(=O)C(F)(F)C(F)(F)C(F)=C(F)C(F)(F)F,DTXSID701022018,,
OC(=O)CCS(=O)(=O)CCC(F)(F)C(F)(F)C(F)(F)C(F)(F)C(F)(F)C(F)(F)C(F)(F)C(F)(F)F,DTXSID701022068,,
CCOC(=O)C(SCCC(F)(F)C(F)(F)C(F)(F)C(F)(F)C(F)(F)C(F)(F)F)SCCC(F)(F)C(F)(F)C(F)(F)C(F)(F)C(F)(F)C(F)(F)F,DTXSID701023147,,
CCSC(F)(F)C(F)C(F)(F)F,DTXSID701023309,,
OS(=O)(=O)C(CC(=O)OCC(F)(F)C(F)(F)C(F)(F)C(F)(F)C(F)(F)C(F)(F)F)C(=O)OCC(F)(F)C(F)(F)C(F)(F)C(F)(F)C(F)(F)C(F)(F)F,DTXSID701023397,,
FC(=O)C(F)(OC(F)(F)C(F)(OC(F)(F)C(F)(F)S(F)(=O)=O)C(F)(F)OC(F)(F)C(F)(F)S(F)(=O)=O)C(F)(F)F,DTXSID701023747,,
[H]C(F)(OC(F)(F)C(F)(OC(F)(F)C(F)(F)S(O)(=O)=O)C(F)(F)F)C(O)=O,DTXSID701024721,,
FC(F)=C(F)OC(F)(F)C(F)(F)C(F)(F)C(F)(F)S(F)(=O)=O,DTXSID701026503,,
CCCCS(=O)(=O)C(F)(F)C(F)(F)F,DTXSID701026684,,
OS(=O)(=O)CC(F)(F)C(F)(F)C(F)(F)F,DTXSID701026727,,
CS(=O)C(F)(F)C(F)(F)F,DTXSID701026939,,
CS(=O)CC(F)(F)C(F)(F)F,DTXSID701027044,,
OS(=O)(=O)C(F)(F)C(F)(F)C(F)(F)C(F)(F)C(F)(F)C(F)(F)C(F)(F)C(F)(F)OC(F)(F)F,DTXSID701032233,,
OS(=O)(=O)C(F)(F)C(F)(F)C(F)(F)C(F)(F)C(F)(F)C(F)(F)C(F)(F)C(\F)=C(/F)C(F)(F)F,DTXSID701032283,,
OS(=O)(=O)C(F)(F)C(F)(F)C(F)(F)C(F)(F)C(F)(F)C(F)C(\F)=C(/F)C(F)(F)F,DTXSID701032314,,
OS(=O)(=O)C(F)(F)C(F)(F)C(F)(F)C(F)C(F)(F)F,DTXSID701032326,,
OS(=O)(=O)C(F)(F)C(F)(F)C(F)(F)C(F)(F)C(F)(F)C(F)(F)C(F)(F)C(=O)C(F)(F)F,DTXSID701032376,,
OS(=O)C(F)(F)C(F)(F)C(F)(F)F,DTXSID701032833,,
OC(CC(F)(F)C(F)(F)C(F)(F)C(F)(F)C(F)(F)C(F)(F)C(F)(F)F)S(O)(=O)=O,DTXSID701034534,,
OS(=O)(=O)C(F)(F)C(F)(F)C(F)(F)C(F)(F)C(F)(F)C(F)(F)C(F)(F)C(F)(F)C(F)(F)C(F)(F)C(F)(F)C(F)(F)C(=O)C(F)(F)F,DTXSID701034558,,
OS(=O)(=O)OC(F)(F)C(F)(F)F,DTXSID701034560,,
OCC(SCCC(O)=O)C(CO)C(F)(F)C(F)(F)C(F)(F)C(F)(F)F,DTXSID701034596,,
OC(CC(F)(F)C(F)(F)C(F)(F)C(F)(F)C(F)(F)C(F)(F)C(F)(F)C(F)(F)C(F)(F)C(F)(F)C(F)(F)C(F)(F)F)S(O)(=O)=O,DTXSID701034603,,
OS(=O)CCC(F)(F)C(F)(F)F,DTXSID701034746,,
OS(=O)(=O)C(F)(F)C(F)(F)C(F)(F)C(F)(F)C(F)(F)C(F)(F)C(F)(F)C(F)(F)C(F)(F)C(F)(F)C(F)(F)C(F)(F)C(F)(F)OC(F)(F)F,DTXSID701034796,,
OS(=O)C(F)(F)C(F)(F)C(F)(F)C(F)(F)C(F)(F)C(F)(F)C(F)(F)C(F)(F)C(F)(F)C(F)(F)C(F)(F)C(F)(F)F,DTXSID701034815,,
OS(=O)(=O)C1(F)C(F)(F)C(F)(F)C(F)(C(F)(F)C(F)(F)C(F)(F)F)C1(F)F,DTXSID701034839,,
OS(=O)(=O)C1(F)C(F)(F)C(F)(F)C(F)(C(F)(F)C(F)(F)F)C1(F)F,DTXSID701034841,,
OS(=O)(=O)OC(F)C(F)C(F)C(F)C(F)C(F)(F)C(F)(F)F,DTXSID701035213,,
OS(=O)(=O)CC(F)(F)C(F)(F)C(F)(F)C(F)(F)F,DTXSID701035556,,
OS(=O)(=O)CC(F)(F)C(F)(F)C(F)(F)C(F)(F)C(F)(F)C(F)(F)C(F)(F)C(F)(F)C(F)(F)C(F)(F)F,DTXSID701035570,,
OS(=O)(=O)C(F)(F)C(F)(F)C(F)(F)OC(F)(F)F,DTXSID701035637,,
OC(=O)CCS(=O)CCC(F)(F)C(F)(F)F,DTXSID701035851,,
OC(CC(O)=O)SCCC(F)(F)C(F)(F)C(F)(F)C(F)(F)C(F)(F)C(F)(F)F,DTXSID701036085,,
OC(=O)CSCCC(F)(F)C(F)(F)C(F)(F)C(F)(F)C(F)(F)C(F)(F)C(F)(F)C(F)(F)C(F)(F)C(F)(F)C(F)(F)C(F)(F)F,DTXSID701036178,,
OC(=O)CCSCCC(F)(F)C(F)(F)F,DTXSID701036180,,
OC(=O)CCSCCC(F)(F)C(F)(F)C(F)(F)C(F)(F)C(F)(F)C(F)(F)C(F)(F)C(F)(F)C(F)(F)C(F)(F)C(F)(F)C(F)(F)C(F)(F)C(F)(F)F,DTXSID701036192,,
OCC(=O)SC(=O)CCC(F)(F)C(F)(F)C(F)(F)C(F)(F)C(F)(F)F,DTXSID701036459,,
OCC(=O)SC(=O)CCC(F)(F)C(F)(F)C(F)(F)C(F)(F)C(F)(F)C(F)(F)C(F)(F)F,DTXSID701036461,,
OC(C(O)=O)C(=O)SC(=O)CCC(F)(F)C(F)(F)C(F)(F)C(F)(F)C(F)(F)C(F)(F)C(F)(F)C(F)(F)C(F)(F)C(F)(F)F,DTXSID701036528,,
OC(CSC(=O)CCC(F)(F)C(F)(F)C(F)(F)C(F)(F)C(F)(F)C(F)(F)C(F)(F)F)C(O)=O,DTXSID701036542,,
OS(=O)(=O)C(F)(F)C(F)(F)C(F)(F)C(F)(F)C(F)(F)C(F)(F)C(F)(F)C(F)(F)C(F)(F)C(F)(F)C(F)(F)C(F)C(F)(F)F,DTXSID701036885,,
FC1(F)SSC(F)(F)C(F)(F)C1(F)F,DTXSID701045676,,
FC(F)(C1=CC=CS1)C(F)(F)C(F)(F)C(F)(F)C(F)(F)C1=CC=CS1,DTXSID701045688,,
CC(=O)OC1=CC=C(C=C1)C1=CC=C(OS(=O)(=O)C(F)(F)C(F)(F)C(F)(F)C(F)(F)F)C=C1,DTXSID701132356,,
FC(=O)C(F)(F)OC(F)(F)C(F)(F)S(F)(=O)=O,DTXSID701140999,,
OC(=O)C(F)(F)C(F)(F)C(F)(F)S(F)(=O)=O,DTXSID701336237,,
OS(=O)(=O)C(F)(F)C(F)(F)C(F)=C(F)F,DTXSID701336568,,
OS(=O)(=O)C(F)(F)C(F)(F)OC(F)(F)C(F)(OC(F)(F)C(F)(F)S(O)(=O)=O)C(F)=O,DTXSID701336649,,
FC(F)(F)C(F)(F)C(F)(F)C(F)(F)C(F)(F)C(F)(F)C(F)(F)C(F)(F)C(F)(F)C(F)(F)C(F)(F)C(F)(F)S,DTXSID701348046,,
CC1=C(C=C(CO)S1)C1=C(C2=C(C)SC(CO)=C2)C(F)(F)C(F)(F)C1(F)F,DTXSID701349101,,
CS(=O)(=O)C(F)(F)C(F)(F)C(F)(F)C(F)(F)C(F)(F)C(F)(F)C(F)(F)C(F)(F)F,DTXSID701349232,,
FC1(F)OS(=O)(=O)OS(=O)(=O)C1(F)F,DTXSID701349468,,
OS(=O)(=O)C(F)(F)C(F)(F)OC(F)(F)C(F)(F)C(F)(F)C(F)(F)C(F)(F)F,DTXSID701357487,,
CC1=CC=C(SC(F)(F)C(F)C(F)(F)F)C=C1,DTXSID70319055,,
FC(F)(C1=CC=CS1)C(F)(F)C(F)(F)C1=CC=CS1,DTXSID70342722,,
FC(F)(F)C(F)(F)C(F)(F)COS(=O)(=O)C(F)(F)F,DTXSID70379255,,
CCCCSC(F)(F)C(F)(F)C(F)(F)C(F)(F)C(F)(F)C(F)(F)C(F)(F)C(F)(F)F,DTXSID70528483,,
COC(=O)C(F)(F)C(F)(F)SC,DTXSID70536982,,
FC(F)(F)C(F)(F)C(F)(F)C(F)(F)C(F)(F)C(F)(F)C1=CSC=C1,DTXSID70560929,,
FC(F)(F)C(F)(F)C(F)(F)C(F)(F)C(F)(F)C(F)(F)C(F)(F)C(F)(F)CCSSCCC(F)(F)C(F)(F)C(F)(F)C(F)(F)C(F)(F)C(F)(F)C(F)(F)C(F)(F)F,DTXSID70195598,,
OS(=O)(=O)C1(F)C(F)(F)C(F)(F)C(F)(C(F)(F)C(F)(F)F)C(F)(F)C1(F)F,DTXSID70275965,,
FC(F)(F)C(F)(F)C(F)(F)COS(=O)(=O)C(F)(F)C(F)(F)C(F)(F)C(F)(F)F,DTXSID70382047,,
OS(=O)(=O)C(F)(F)C(F)C(F)(F)F,DTXSID70430799,,
OC1=CC=C(SCCC(F)(F)C(F)(F)C(F)(F)C(F)(F)C(F)(F)C(F)(F)C(F)(F)C(F)(F)F)C=C1,DTXSID70464615,,
CC1=C(C2=CC=CC=C2S1)C1=C(C2=C(C)SC3=CC=CC=C23)C(F)(F)C(F)(F)C1(F)F,DTXSID70464958,,
OC(=O)C1=CC(SC(F)(F)C(F)(F)C(F)(F)F)=CC=C1,DTXSID70507233,,
FC(F)(F)C(F)(F)C(F)(F)C(=O)CC(=O)C1=CC=CS1,DTXSID7060332,,
FC1(F)C(F)(F)S(=O)(=O)OS(=O)(=O)C1(F)F,DTXSID70609600,,
FC(F)(F)SSC(F)(F)C(F)(F)F,DTXSID70631426,,
COS(=O)(=O)C(F)(C(=O)C(F)(F)F)C(F)(F)F,DTXSID70706385,,
OCCCSCCC(F)(F)C(F)(F)C(F)(F)C(F)(F)C(F)(F)C(F)(F)C(F)(F)C(F)(F)F,DTXSID7073488,,
FC(F)(F)C(F)(F)S(=O)(=O)C(F)(F)C(F)(F)F,DTXSID7075187,,
CCSC(F)(F)C(F)(F)C(=O)C(F)(F)C(F)(F)SCC,DTXSID70790481,,
CC1=C(SC=C1)C1=C(F)C(F)(F)C(F)(F)C1(F)F,DTXSID70823021,,
OCCCS(=O)(=O)C(F)(F)C(F)(F)C(F)(F)C(F)(F)F,DTXSID70824497,,
OS(=O)(=O)C1(F)C(F)(F)C(F)(F)C(F)(F)C(F)(F)C1(F)F,DTXSID70863104,,
OS(=O)(=O)C(F)(F)C(F)(F)C(F)(F)C(F)(F)C(F)(F)C(F)(F)C(=O)C(F)(F)F,DTXSID70881085,,
CC(OC(=O)CCSCCC(F)(F)C(F)(F)C(F)(F)C(F)(F)C(F)(F)C(F)(F)F)C(O)=O,DTXSID70894130,,
CCOC(=O)CC(S)C(F)(F)C(F)(F)C(F)(F)F,DTXSID70895647,,
CCSC(=O)C(CC(C)=O)C(F)(F)C(F)(F)C(F)(F)F,DTXSID70895682,,
FC(F)C(F)(F)COS(=O)(=O)C(F)(F)C(F)(F)C(F)(F)C(F)(F)F,DTXSID70895748,,
FC(F)(F)C(F)(F)C(F)(F)C(F)(F)C1=C2SC=CC2=CC=C1,DTXSID70895985,,
FC(F)(F)C(F)(F)C(F)(F)C(F)(F)S(=O)(=O)CC1=CC=CC=C1,DTXSID70896013,,
FC(F)(F)C(F)(F)C(F)(F)C(F)(F)S(=O)C(=C)C1=CC=CC=C1,DTXSID70896038,,
FC(F)(F)C(F)(F)C(F)(F)C(F)(F)S(=O)(=O)OC1=CCCC1,DTXSID70896058,,
FC(F)(F)C(F)(F)C(F)(F)C(F)(F)C(F)(F)C(F)(F)C1=CC=C(S1)C1=CC=CS1,DTXSID70896114,,
CCC1=C(SC)C(=CC=C1C(O)=O)C(F)(C(F)(F)F)C(F)(F)F,DTXSID70896391,,
CCSC1=C(CC)C(=CC=C1C(F)(C(F)(F)F)C(F)(F)F)C(O)=O,DTXSID70896396,,
CCC(C)SC1=C(CC)C(=CC=C1C(F)(C(F)(F)F)C(F)(F)F)C(O)=O,DTXSID70896412,,
CC1=C(C(=CC=C1C(O)=O)C(F)(C(F)(F)F)C(F)(F)F)S(C)(=O)=O,DTXSID70896417,,
CCC(C)S(=O)C1=C(C)C(=CC=C1C(F)(C(F)(F)F)C(F)(F)F)C(O)=O,DTXSID70896432,,
CCCCS(=O)C1=C(C)C(=CC=C1C(F)(C(F)(F)F)C(F)(F)F)C(O)=O,DTXSID70896437,,
OC(=O)C(F)(OC(F)(F)C(F)(F)S(O)(=O)=O)C(F)(F)F,DTXSID70904748,,
OS(=O)(=O)C(F)(F)C(F)(F)C(F)(C(F)(F)F)C(F)(F)C(F)(F)C(F)(F)C(F)(F)F,DTXSID801019147,,
[H]C(F)(F)C(F)(F)C(F)(F)C(F)(F)C(F)(F)C(F)(F)S(O)(=O)=O,DTXSID801019228,,
[H]C(F)(F)C(F)(F)C(F)(F)C(F)(F)C(F)(F)C(F)(F)C(F)(F)C(F)(F)C(F)(F)C(F)(F)C(F)(F)C(F)(F)C(F)(F)C(F)(F)S(O)(=O)=O,DTXSID801019230,,
FC(=O)C(F)(F)C(F)(F)OC(F)(F)C(F)(F)S(F)(=O)=O,DTXSID801023140,,
CCSCC(F)(F)C(F)(F)F,DTXSID801026794,,
FC(F)(F)C(F)(F)C(F)(F)S(=O)(=O)OC1=CC=C(C=C)C=C1,DTXSID801026918,,
FC(F)(F)C(F)(F)C(F)(F)C(F)(F)S(=O)C1=CC=CC=C1,DTXSID801027085,,
FC(F)(F)CS(=O)(=O)C(F)(F)C(F)(F)C(F)(F)F,DTXSID801027097,,
OS(=O)(=O)C(F)(F)C(F)(F)C(F)(F)C(F)(F)C(F)(F)C(F)(F)C(F)(F)C(F)(F)C(F)(F)C(F)(F)OC(F)(F)F,DTXSID801032236,,
OS(=O)(=O)C(F)(F)C(F)(F)C(F)(F)C(\F)=C(/F)C(F)(F)F,DTXSID801032286,,
OS(=O)(=O)C(F)(F)C(F)(F)C(F)(F)C(F)(F)C(F)(F)C(F)(F)C(F)(F)C(F)(F)C(F)C(F)(F)F,DTXSID801032329,,
OS(=O)(=O)C(F)(F)C(F)(F)C(F)(F)C(F)(F)C(F)(F)C(F)(F)C(F)(F)C(F)(F)C(F)(F)C(=O)C(F)(F)F,DTXSID801032379,,
OS(=O)(=O)C(F)(F)C(F)(F)C(=O)C(F)(F)F,DTXSID801032381,,
OS(=O)(=O)C(F)(F)C(F)(F)C(F)(F)C(F)(F)C(F)=C(F)C(F)(F)F,DTXSID801032593,,
OS(=O)(=O)C(F)(F)C(F)C(F)=C(F)C(F)(F)F,DTXSID801032600,,
OC(COCCC(F)(F)C(F)(F)C(F)(F)C(F)(F)C(F)(F)C(F)(F)F)CSCCC(F)(F)C(F)(F)C(F)(F)C(F)(F)C(F)(F)C(F)(F)F,DTXSID801032886,,
OC(=O)CSCCC(F)(F)C(F)(F)C(F)(F)C(F)(F)C(F)(F)C(F)(F)C(F)(F)C(F)(F)C(F)(F)C(F)(F)F,DTXSID801033072,,
OC(CC(F)(F)C(F)(F)C(F)(F)C(F)(F)C(F)(F)C(F)(F)C(F)(F)C(F)(F)F)S(O)(=O)=O,DTXSID801034537,,
OS(=O)(=O)CC(=O)CC(F)(F)C(F)(F)C(F)(F)C(F)(F)C(F)(F)C(F)(F)C(F)(F)C(F)(F)C(F)(F)C(F)(F)C(F)(F)C(F)(F)F,DTXSID801034656,,
OS(=O)C(F)(F)C(F)(F)C(F)(F)C(F)(F)C(F)(F)C(F)(F)C(F)(F)C(F)(F)C(F)(F)F,DTXSID801034818,,
OS(=O)(=O)C1(F)C(F)(F)C(F)(F)C(F)(F)C1(F)F,DTXSID801034844,,
OS(=O)(=O)OC(F)C(F)C(F)C(F)C(F)C(F)C(F)C(F)C(F)C(F)C(F)C(F)(F)C(F)(F)F,DTXSID801035216,,
OC(CC(O)=O)SCCC(F)(F)C(F)(F)C(F)(F)C(F)(F)C(F)(F)C(F)(F)C(F)(F)C(F)(F)C(F)(F)C(F)(F)C(F)(F)C(F)(F)F,DTXSID801036090,,
OC(=O)CCSCCC(F)(F)C(F)(F)C(F)(F)C(F)(F)C(F)(F)C(F)(F)C(F)(F)C(F)(F)C(F)(F)C(F)(F)F,DTXSID801036183,,
[H]\C(CS(O)(=O)=O)=C(\F)C(F)(F)C(F)(F)C(F)(F)C(F)(F)C(F)(F)F,DTXSID801036307,,
OS(=O)(=O)CC=C(F)C(F)(F)C(F)(F)C(F)(F)C(F)(F)C(F)(F)C(F)(F)C(F)(F)C(F)(F)C(F)(F)F,DTXSID801036333,,
OC(C(O)=O)C(=O)SC(=O)CCC(F)(F)C(F)(F)F,DTXSID801036476,,
OC(C(O)=O)C(=O)SC(=O)CCC(F)(F)C(F)(F)C(F)(F)C(F)(F)C(F)(F)F,DTXSID801036521,,
OC(CSC(=O)CCC(F)(F)C(F)(F)C(F)(F)F)C(O)=O,DTXSID801036533,,
OC(CSC(=O)CCC(F)(F)C(F)(F)C(F)(F)C(F)(F)C(F)(F)C(F)(F)C(F)(F)C(F)(F)C(F)(F)C(F)(F)F)C(O)=O,DTXSID801036545,,
OS(=O)(=O)C(F)(F)C(F)(F)C(F)(F)C(F)(F)C(F)(F)C(F)(F)C(F)(F)C(F)(F)C(F)(F)C(F)(F)C(F)(F)C(F)(F)C(F)C(F)(F)F,DTXSID801036888,,
OS(=O)(=O)CCCCOC(F)(F)C(F)(F)C(F)(F)C(F)(F)F,DTXSID801184055,,
COC(=O)C(F)(S(=O)OC)C(F)(F)F,DTXSID801199563,,
FC(F)C(F)(F)C(F)(F)C(F)(F)C(F)(F)C(F)(F)CCS,DTXSID801226592,,
OS(=O)(=O)C(F)(F)C(F)(F)OC(F)(F)C(F)(F)C(F)(F)C(F)(F)F,DTXSID801336666,,
FC(F)=C(F)OC(F)(F)C(F)(F)C(F)(F)S(F)(=O)=O,DTXSID001022150,,
CC1=CC(=C(C)S1)C1=C(F)C(F)(F)C(F)(F)C1(F)F,DTXSID001023039,,
[H][C@@]12[C@@H]3C[C@@H](SCCC(F)(F)C(F)(F)C(F)(F)C(F)(F)C(F)(F)C(F)(F)F)[C@@H](C3)[C@]1([H])C(=O)OC2=O,DTXSID001023146,,
OCC(CSCCC(F)(F)C(F)(F)C(F)(F)C(F)(F)C(F)(F)C(F)(F)F)SCCC(F)(F)C(F)(F)C(F)(F)C(F)(F)C(F)(F)C(F)(F)F,DTXSID001023160,,
FC(F)=C(F)OC(F)(F)C(F)(OC(F)(F)C(F)(F)C(F)(F)S(F)(=O)=O)C(F)(F)F,DTXSID001023627,,
CC(F)(F)C(F)(F)C(F)(F)S(O)(=O)=O,DTXSID001026702,,
FC1C(F)(F)C(F)(F)CS1(=O)=O,DTXSID001026833,,
CSC(F)(F)C(F)(F)C(F)(F)F,DTXSID001026845,,
CCS(=O)(=O)C(F)(F)C(F)(F)C(F)(F)F,DTXSID001027031,,
OS(=O)(=O)C(F)(F)C(F)(F)C(F)(F)C(F)(F)C(F)(F)C(F)(F)OC(F)(F)F,DTXSID001032232,,
OS(=O)(=O)C(F)(F)C(F)(F)C(F)(F)C(F)(F)C(F)(F)C(F)(F)C(F)(F)C(F)(F)C(\F)=C(/F)C(F)(F)F,DTXSID001032282,,
OS(=O)(=O)C(F)(F)C(F)(F)C(F)(F)C(F)(F)C(F)(F)C(F)(F)C(F)(F)C(F)(F)C(F)(F)C(F)(F)C(F)=C(F)C(F)(F)F,DTXSID001032599,,
FC(F)(F)C(F)(F)C(F)(F)C(F)(F)C(F)(F)C(F)(F)C(F)(F)S(=O)(=O)OS(=O)(=O)C(F)(F)C(F)(F)C(F)(F)C(F)(F)C(F)(F)C(F)(F)C(F)(F)F,DTXSID001032701,,
OC(CC(F)(F)C(F)(F)C(F)(F)C(F)(F)C(F)(F)F)S(O)(=O)=O,DTXSID001034557,,
OCC(SCCC(O)=O)C(CO)C(F)(F)C(F)(F)C(F)(F)C(F)(F)C(F)(F)C(F)(F)F,DTXSID001034595,,
OC(CC(F)(F)C(F)(F)C(F)(F)C(F)(F)C(F)(F)C(F)(F)C(F)(F)C(F)(F)C(F)(F)C(F)(F)C(F)(F)F)S(O)(=O)=O,DTXSID001034602,,
FC(F)(F)C(F)(F)C(F)(F)C(F)(F)C(F)(F)C(F)(F)C(F)(F)C(F)(F)C(F)(F)C(F)(F)C(F)(F)C(F)(F)CCS,DTXSID001034745,,
OS(=O)(=O)C(F)(F)C(F)(F)C(F)(F)C(F)(F)C(F)(F)C(F)(F)C(F)(F)C(F)(F)C(F)(F)C(F)(F)C(F)(F)C(F)(F)OC(F)(F)F,DTXSID001034795,,
OS(=O)(=O)OC(F)(F)C(F)(F)C(F)(F)C(F)(F)C(F)(F)C(F)(F)C(F)(F)C(F)(F)C(F)(F)C(F)(F)C(F)(F)C(F)(F)C(F)(F)C(F)(F)F,DTXSID001034826,,
OS(=O)(=O)OC(F)(F)C(F)(F)C(F)(F)F,DTXSID001034838,,
OS(=O)(=O)C1(F)C(F)(F)C(F)(F)C(F)(C(F)(F)C(F)(F)C(F)(F)C(F)(F)F)C1(F)F,DTXSID001034840,,
OS(=O)(=O)C(F)(F)C(F)(F)C(F)(F)C(F)(F)C(F)(F)C(F)C(\F)=C(/F)C(F)(F)C(F)(F)C(F)(F)F,DTXSID001035048,,
OS(=O)(=O)C(F)(F)C(F)(F)C(F)(F)C(F)(F)C(F)(F)C(F)C(\F)=C(/F)C(F)(F)C(F)(F)C(F)(F)C(F)(F)F,DTXSID001035050,,
OS(=O)(=O)C(F)(F)C(F)(F)C(F)(F)C(F)(F)C(F)(F)C(F)C(\F)=C(/F)C(F)(F)C(F)(F)C(F)(F)C(F)(F)C(F)(F)C(F)(F)C(F)(F)C(F)(F)F,DTXSID001035117,,
OS(=O)(=O)CC(F)(F)C(F)(F)C(F)(F)C(F)(F)C(F)(F)C(F)(F)C(F)(F)C(F)(F)C(F)(F)C(F)(F)C(F)(F)C(F)(F)F,DTXSID001035567,,
OC(CC(O)=O)SCCC(F)(F)C(F)(F)C(F)(F)C(F)(F)F,DTXSID001036084,,
OS(=O)(=O)CC=C(F)C(F)(F)C(F)(F)C(F)(F)C(F)(F)F,DTXSID001036303,,
OS(=O)(=O)CC=C(F)C(F)(F)C(F)(F)C(F)(F)C(F)(F)C(F)(F)C(F)(F)C(F)(F)C(F)(F)C(F)(F)C(F)(F)C(F)(F)F,DTXSID001036341,,
OCC(=O)SC(=O)CCC(F)(F)C(F)(F)C(F)(F)C(F)(F)F,DTXSID001036458,,
OCC(=O)SC(=O)CCC(F)(F)C(F)(F)C(F)(F)C(F)(F)C(F)(F)C(F)(F)F,DTXSID001036460,,
OCC(=O)SC(=O)CCC(F)(F)C(F)(F)C(F)(F)C(F)(F)C(F)(F)C(F)(F)C(F)(F)C(F)(F)C(F)(F)C(F)(F)C(F)(F)C(F)(F)F,DTXSID001036472,,
OC(C(O)=O)C(=O)SC(=O)CCC(F)(F)C(F)(F)C(F)(F)C(F)(F)C(F)(F)C(F)(F)C(F)(F)C(F)(F)C(F)(F)F,DTXSID001036527,,
OC(CSC(=O)CCC(F)(F)C(F)(F)C(F)(F)C(F)(F)C(F)(F)C(F)(F)F)C(O)=O,DTXSID001036541,,
OS(=O)(=O)C(F)(F)C(F)(F)C(F)(F)C(F)(F)C(F)(F)C(F)(F)C(F)(F)C(F)(F)C(F)(F)C(F)(F)C(F)C(F)(F)F,DTXSID001036884,,
OS(=O)(=O)C(F)(F)C(F)(F)OC(F)(F)C(F)(F)C(F)(F)C(F)(F)C(F)(F)C(F)(F)C(F)(F)C(F)(F)C(F)(F)C(F)(F)F,DTXSID001047819,,
OS(=O)(=O)C(F)(F)C(F)(F)C(F)(F)C(F)(F)C(F)(C(F)(F)F)C(F)(F)F,DTXSID001047821,,
FC(F)(F)C(F)(F)C(F)(F)C(F)(F)C(F)(F)C(F)(F)C(F)(F)C(F)(F)CCCS,DTXSID001153143,,
FC(F)C(F)(F)CS(=O)(=O)C(F)(F)F,DTXSID001199571,,
OS(=O)(=O)C(F)(F)C(F)(F)OC(F)(C(F)(F)F)C(F)(F)OC=C,DTXSID001336567,,
OS(=O)(=O)C(F)(F)C(F)(F)OCC1CO1,DTXSID001336600,,
OS(=O)(=O)C(F)(F)C(F)(F)C(F)(C(F)(F)F)C(F)(F)OC(F)=C(F)F,DTXSID001348914,,
OS(=O)C(F)(F)C(F)(F)OC(F)(C(F)(F)F)C(F)(F)OC(F)=C(F)F,DTXSID001348938,,
OC(=O)CSC(F)(F)C(F)OC(F)(F)C(F)(F)C(F)(F)F,DTXSID001353084,,
[H]C(F)(F)OC(F)(F)C(F)(OC(F)(F)C(F)(F)S(O)(=O)=O)C(F)(F)F,DTXSID001357486,,
CCC(S)=CC(=O)C(F)(F)C(F)F,DTXSID00276400,,
CC1=C(SC=C1)C(=O)CC(=O)C(F)(F)C(F)(F)C(F)(F)F,DTXSID00292105,,
CC(C)C1=CC=C(OS(=O)(=O)C(F)(F)C(F)(F)C(F)(F)C(F)(F)F)C=C1,DTXSID00330475,,
OS(=O)(=O)C1(CCCCC1)C(F)(F)C(F)(F)F,DTXSID801348437,,
CC1=CC(C)=C(S1)C1=C(C2=C(C)C=C(C)S2)C(F)(F)C(F)(F)C1(F)F,DTXSID801348449,,
[H][C@@]1(CCCCCCCCC(CCCC(F)(F)C(F)(F)F)C(O)=O)C2=CC=C(O)C=C2SC[C@]1(C)C1=CC=C(O)C=C1,DTXSID801348463,,
[H][C@]12[C@@H]3CC[C@H](O)[C@@]3(C)CC[C@@H]1[C@@]1(C)CCC(=O)CC1C[C@H]2CCCCCS(=O)CCCC(F)(F)C(F)(F)F,DTXSID801348556,,
OS(=O)(=O)C1=CC=C(OC(F)(F)C(F)(F)C(F)(F)C(F)(F)C(F)(F)CF)C=C1,DTXSID801349142,,
FC1=C2C(=C(F)C(S)=C1F)C(F)(F)C(F)(F)C2(F)F,DTXSID801353490,,
FC(F)(F)C(F)(F)C(F)(F)C(F)(F)S(=O)(=O)C#CC1=CC=CC=C1,DTXSID80313488,,
FC(F)(F)C(F)(F)C(F)(F)C(F)(F)S(=O)(=O)OC1=CC=CC=C1,DTXSID80330473,,
FC(F)(F)C(F)(F)C(F)(F)C(F)(F)S(=O)(=O)OC1=CC=CC2=CC=CC=C12,DTXSID80330478,,
CS(=O)CCC(F)(F)C(F)(F)C(F)(F)C(F)(F)F,DTXSID80458500,,
FC(=O)C(F)(F)C(F)(F)C(F)(F)S(F)(=O)=O,DTXSID80468003,,
OS(=O)(=O)C(F)(F)C(F)(F)OC(F)(F)C(F)F,DTXSID80515849,,
CC(=O)C(C(CS(=O)(=O)C(F)(F)C(F)(F)C(F)(F)C(F)(F)C(F)(F)C(F)(F)F)C1=CC=CS1)C(C)=O,DTXSID80529608,,
FC(F)(F)C(F)(F)C(F)(F)C(F)(F)C(F)(F)C(F)(F)C(F)(F)COS(=O)(=O)C(F)(F)F,DTXSID00451977,,
OC(=O)C(F)(F)OC(F)(F)C(F)(F)S(F)(=O)=O,DTXSID00453592,,
COC(=O)C1=CC=C(OS(=O)(=O)C(F)(F)C(F)(F)C(F)(F)C(F)(F)F)C=C1,DTXSID00458188,,
CC1=CC=C(C=C1)C(CS(=O)(=O)C(F)(F)C(F)(F)C(F)(F)C(F)(F)C(F)(F)C(F)(F)F)SC1=CC=CC=C1,DTXSID00529605,,
OC1=CC=CC=C1SCC(F)(F)C(F)F,DTXSID00533681,,
FC(F)(C(F)(F)C(F)(F)S(F)(=O)=O)C(F)(F)S(F)(=O)=O,DTXSID00559644,,
COC(=O)C1=CC(SC(F)(F)C(F)(F)C(F)(F)F)=CC=C1,DTXSID00575041,,
OC(=O)C1=CC=C(C=C1)S(=O)(=O)C(F)(F)C(F)(F)C(F)(F)F,DTXSID00575046,,
FC(OC(F)(F)C(F)(F)S(F)(=O)=O)C(F)(F)F,DTXSID00580271,,
FC(F)(F)C(F)(F)S(F)(=O)=O,DTXSID0059873,,
FC1(F)C(F)(F)C(F)(F)C(F)(C(F)(F)C1(F)F)S(F)(=O)=O,DTXSID0059875,,
OC(=O)C(F)(F)C(F)(F)S(O)(=O)=O,DTXSID00632764,,
CCCSC1(F)C=C(F)C1(F)F,DTXSID00668381,,
CC(=O)C=C(S)C(F)(F)C(F)F,DTXSID00757522,,
OCCCS(=O)(=O)CCC(F)(F)C(F)(F)C(F)(F)C(F)(F)C(F)(F)C(F)(F)F,DTXSID00762252,,
OC(=O)C(F)(F)C(F)(F)C(F)(F)S(O)=O,DTXSID00766215,,
FC(F)C(F)(F)COC1=CSC=C1,DTXSID00771849,,
FC(F)(F)C(F)(F)C(F)(F)C(F)(F)CCCCCCCCCCCS,DTXSID00781089,,
FC(SC1=CC=CC=C1)=C(F)C(F)(F)C(F)(F)C(F)(F)C(F)(F)C(F)(F)C(F)(F)C(F)(F)F,DTXSID00793925,,
FC(F)(F)C(F)(F)C(F)(F)C(F)(F)CCSCCOC(=O)C=C,DTXSID00833310,,
FC(=C(S)S)C(F)(F)C(F)(F)F,DTXSID00843777,,
FC(F)(F)C(F)(F)C(F)(F)C(F)(F)C(F)(F)C(F)(F)C(F)(F)C(F)(F)C(F)(F)C(F)(F)CCS,DTXSID00880389,,
OC(=O)C(F)(F)C(F)(F)C(F)(OC(F)(F)C(F)(F)S(O)(=O)=O)C(F)(F)F,DTXSID00893414,,
FC(F)C(F)(F)C(F)(F)C(F)(F)CS,DTXSID00893419,,
OS(=O)(=O)C1=CC=C(OC(F)(F)C(\F)=C(/F)C(F)(F)C(F)(F)C(F)(F)F)C=C1,DTXSID00893454,,
OCCCSC(F)(F)C(F)(F)C(F)(F)C(F)(F)F,DTXSID00895498,,
OS(=O)C(F)(F)C(F)(F)C(F)(F)C(F)(F)F,DTXSID00895519,,
FC(F)(F)C(F)(F)C(F)(F)C(F)(F)SSC1=CC=CC=C1,DTXSID00895736,,
FC(F)(F)C(F)(F)C(F)(F)C(F)(F)C1=CC2=CC=CC=C2S1,DTXSID00895993,,
CSC1=C(C)C(=CC=C1C(F)(C(F)(F)F)C(F)(F)F)C(O)=O,DTXSID00896389,,
CC1=C(SC(C)(C)C)C(=CC=C1C(O)=O)C(F)(C(F)(F)F)C(F)(F)F,DTXSID00896400,,
CCCSC1=C(CC)C(=CC=C1C(F)(C(F)(F)F)C(F)(F)F)C(O)=O,DTXSID00896405,,
CC1=C(C(=CC=C1C(O)=O)C(F)(C(F)(F)F)C(F)(F)F)S(=O)C(C)(C)C,DTXSID00896425,,
CC(C)CS(=O)(=O)C1=C(C)C(=CC=C1C(F)(C(F)(F)F)C(F)(F)F)C(O)=O,DTXSID00896440,,
CCCCS(=O)C1=C(CC)C(=CC=C1C(F)(C(F)(F)F)C(F)(F)F)C(O)=O,DTXSID00896445,,
FC(F)(F)C(F)(F)C(F)(F)C(F)(F)C1SC2C3=C(C=CC=C3)C1C1=C2C=CC=C1,DTXSID00896723,,
OS(=O)(=O)C(F)(F)C(F)OC(F)(F)C(F)(OC(F)(F)C(F)(F)S(O)(=O)=O)C(F)(F)F,DTXSID00904751,,
CCOC(OS(=O)(=O)C1=CC=C(C)C=C1)C(F)(F)C(F)(F)F,DTXSID00953269,,
CC1=CC=C(C=C1)S(=O)(=O)OCC(F)(F)C(F)(F)C(F)(F)COS(=O)(=O)C1=CC=C(C)C=C1,DTXSID00979207,,
OC(=O)CSC(F)(F)C(F)F,DTXSID00985126,,
OS(=O)(=O)C(F)(F)C(F)(F)C(F)(F)C(F)(C(F)(F)F)C(F)(F)C(F)(F)C(F)(F)F,DTXSID101019146,,
FC(=O)C(F)(OC(F)(F)C(F)(F)S(F)(=O)=O)C(F)(F)OC(F)(F)C(F)(F)S(F)(=O)=O,DTXSID101023749,,
[H]C(F)(C(F)(F)F)C(F)(F)C(F)(F)C(F)(F)C(F)(F)S(O)(=O)=O,DTXSID101032330,,
OS(=O)(=O)C(F)(F)C(F)(F)C(F)(F)C(F)(F)C(F)(F)C(F)(F)C(F)(F)C(F)(F)C(F)(F)C(F)(F)C(=O)C(F)(F)F,DTXSID101032380,,
OS(=O)(=O)C(F)(F)C(F)(F)C(F)(F)C(F)=C(F)C(F)(F)F,DTXSID101032592,,
OC(=O)CSCCC(F)(F)C(F)(F)C(F)(F)C(F)(F)F,DTXSID101033071,,
OC(CC(F)(F)C(F)(F)C(F)(F)C(F)(F)C(F)(F)C(F)(F)C(F)(F)C(F)(F)C(F)(F)F)S(O)(=O)=O,DTXSID101034598,,
OS(=O)(=O)CC(=O)CC(F)(F)C(F)(F)C(F)(F)C(F)(F)C(F)(F)C(F)(F)C(F)(F)F,DTXSID101034629,,
OS(=O)(=O)C(F)(F)C(F)(F)C(F)(F)C(F)(F)C(F)(F)C(F)(F)C(\F)=C(/F)C(F)(F)C(F)(F)C(F)(F)C(F)(F)C(F)(F)C(F)(F)F,DTXSID101035203,,
OS(=O)(=O)OC(F)C(F)C(F)C(F)C(F)C(F)C(F)C(F)C(F)C(F)(F)C(F)(F)F,DTXSID101035215,,
OS(=O)(=O)CC(F)(F)C(F)(F)C(F)(F)C(F)(F)C(F)(F)C(F)(F)C(F)(F)C(F)(F)F,DTXSID101035572,,
OS(=O)(=O)C(F)(F)C(F)(F)C(F)(F)C(F)(F)C(F)(F)C(F)(F)C(\F)=C(/F)C(F)(F)C(F)(F)C(F)(F)C(F)(F)C(F)(F)F,DTXSID101035641,,
OC(=O)CCS(=O)CCC(F)(F)C(F)(F)C(F)(F)C(F)(F)C(F)(F)C(F)(F)C(F)(F)C(F)(F)F,DTXSID101035853,,
OC(CC(O)=O)SCCC(F)(F)C(F)(F)C(F)(F)C(F)(F)C(F)(F)C(F)(F)C(F)(F)C(F)(F)C(F)(F)C(F)(F)F,DTXSID101036087,,
OCC(SCCC(O)=O)C(O)C(F)(F)C(F)(F)C(F)(F)C(F)(F)C(F)(F)C(F)(F)C(F)(F)C(F)(F)F,DTXSID101036225,,
OC(CSC(=O)CCC(F)(F)C(F)(F)F)C(O)=O,DTXSID101036532,,
OC(CSC(=O)CCC(F)(F)C(F)(F)C(F)(F)C(F)(F)C(F)(F)C(F)(F)C(F)(F)C(F)(F)C(F)(F)F)C(O)=O,DTXSID101036544,,
OS(=O)(=O)C(F)(F)C(F)(F)C(F)(F)C(F)(F)C(F)(F)C(F)(F)C(F)=C(F)C(F)(F)C(F)(F)C(F)(F)F,DTXSID101036918,,
OC(=O)C1=C(O)C=C(OS(=O)(=O)C(F)(F)C(F)(F)C(F)(F)C(F)(F)C(F)(F)C(F)(F)C(F)(F)C(F)(F)F)C=C1,DTXSID10814392,,
FC(F)(F)C(F)(F)C(F)(F)C(F)(F)C(F)(F)C(F)(F)S(=O)(=O)C=CC1=CC=CS1,DTXSID10833361,,
FC(F)(F)C(=O)OS(=O)(=O)C(F)(F)C(F)(F)F,DTXSID101026767,,
OC1=CC2=C(C=C1)C(C1=CC=C(OCCCCSCCCC(F)(F)C(F)(F)F)C=C1)=C(CCC2)C1=CC=CC=C1,DTXSID101026993,,
FC(F)(F)C(F)(F)C(F)(F)C(F)(F)S(=O)(=O)C1=CC=CC=C1,DTXSID101027046,,
FC(F)(F)C(F)(F)C(F)(F)C(F)(F)C(F)(F)C(F)(F)C(F)(F)C(F)(F)S(=O)CCOC(=O)C=C,DTXSID101027658,,
OS(=O)(=O)C(F)(F)C(F)(F)C(F)(F)C(F)(F)C(F)(F)C(F)(F)C(F)(F)C(F)(F)C(F)(F)OC(F)(F)F,DTXSID101032235,,
OS(=O)(=O)C(F)(F)C(F)(F)C(F)(F)C(F)(F)C(\F)=C(/F)C(F)(F)F,DTXSID101032285,,
OS(=O)(=O)C(F)(F)C(F)(F)C(F)(F)C(F)(F)C(F)C(\F)=C(/F)C(F)(F)F,DTXSID101032316,,
OS(=O)(=O)C(F)C(F)(F)F,DTXSID101032328,,
OS(=O)(=O)OC(F)(F)C(F)(F)C(F)(F)C(F)(F)C(F)(F)C(F)(F)C(F)(F)C(F)(F)C(F)(F)C(F)(F)C(F)(F)F,DTXSID101034829,,
OS(=O)(=O)OC(F)(F)C(F)(F)C(F)(F)C(F)(F)C(F)(F)C(F)(F)C(F)(F)C(F)(F)C(F)(F)F,DTXSID101034831,,
OS(=O)(=O)C1(F)C(F)(F)C(F)(F)C(F)(C(F)(F)F)C1(F)F,DTXSID101034843,,
OS(=O)(=O)C1(F)C(F)(F)C(F)(F)C(F)(F)C(F)(C(F)(F)C(F)(F)F)C1(F)F,DTXSID101034950,,
OS(=O)(=O)C1(F)C(F)(F)C(F)(F)C(F)(F)C(F)(C(F)(F)C(F)(F)C(F)(F)C(F)(F)C(F)(F)C(F)(F)F)C1(F)F,DTXSID101034962,,
OS(=O)(=O)C1=CC=C(OC(F)(F)C(F)(F)C(F)(F)C(F)(F)C(F)(F)C(F)(F)C(F)(F)C(F)(F)C(F)=C(F)F)C=C1,DTXSID101035108,,
FC(F)(F)C(F)(F)C(F)(F)S(F)(=O)=O,DTXSID101220812,,
OS(=O)(=O)C(F)(F)C(F)(F)C(F)(F)C(F)(F)C(F)(F)C(F)(F)C(F)=C(F)C(F)C(F)(F)F,DTXSID101335693,,
OS(=O)(=O)C(F)(F)C(F)(F)OC(F)(F)C(F)=C(F)F,DTXSID101336615,,
OS(=O)(=O)C(F)(F)C(F)(F)OC(F)(C(F)(F)F)C(F)(F)OC(F)(F)C(F)(F)F,DTXSID101336627,,
CC1=C(C=C(S1)C1=CC=CC=C1)C1=CC(F)(F)C(F)(F)C1(F)F,DTXSID101348117,,
C[C@@]1(CSC2=C(C=CC(O)=C2)[C@H]1CCCCCCCC(CCCC(F)(F)C(F)(F)F)C(O)=O)C1=CC=C(O)C=C1,DTXSID101348836,,
CC(F)C(F)(F)C(F)(F)C(F)(F)C(F)(F)S(O)(=O)=O,DTXSID101349008,,
OS(=O)(=O)C(F)(F)C(F)(F)OC(F)(OC(F)(F)C(F)(F)F)C(F)(F)OC(F)=C(F)F,DTXSID101357489,,
OC(=O)C(F)(OC(F)(F)C(F)(OC(F)(F)C(F)(OC(F)(F)C(F)(F)S(O)(=O)=O)C(F)(F)F)C(F)(F)F)C(F)(F)F,DTXSID101357491,,
FC(F)(F)C(F)(SSC(F)(C(F)(F)F)C(F)(F)F)C(F)(F)F,DTXSID10338341,,
CC1=CC=C(C=C1)S(=O)(=O)OCC(F)(F)C(F)F,DTXSID10366184,,
FC(F)C(F)(F)C(F)(F)C(F)(F)COS(=O)(=O)C(F)(F)F,DTXSID10379734,,
CC1=CC=C(C=C1)S(=O)(=O)OCC(F)(F)C(F)(F)C(F)(F)C(F)(F)C(F)(F)C(F)(F)C(F)(F)C(F)F,DTXSID10379936,,
FC(F)(F)OC(F)(F)C(F)(F)S(F)(=O)=O,DTXSID10446177,,
COC(=O)C1=CC=C(SC(F)(F)C(F)(F)C(F)(F)F)C=C1,DTXSID10510281,,
OS(=O)C(F)(F)C(F)(F)C(F)(F)C(F)(F)S(O)=O,DTXSID10515852,,
FC(F)(F)C(F)(F)C(F)(F)C(F)(F)C(F)(F)C(F)(F)C(F)(F)C(F)(F)SC1=CC=CC=C1,DTXSID10528482,,
FC(F)C(F)(F)COS(=O)(=O)C(F)F,DTXSID10537892,,
CCS(=O)(=O)C(F)(F)C(F)(F)C(=O)OC,DTXSID10543519,,
OCCSCCC(F)(F)C(F)(F)F,DTXSID10551316,,
FC(F)(F)C(F)(SSSSC(F)(C(F)(F)F)C(F)(F)F)C(F)(F)F,DTXSID10573790,,
OCCS(=O)CCC(F)(F)C(F)(F)C(F)(F)C(F)(F)F,DTXSID10582322,,
OC1=CC=C(SCCC(F)(F)C(F)(F)C(F)(F)C(F)(F)C(F)(F)C(F)(F)F)C=C1,DTXSID10583713,,
OS(=O)(=O)C1=CC=C(OC(F)=C(F)C(F)(F)C(F)(F)C(F)(F)C(F)(F)C(F)(F)C(F)(F)C(F)(F)F)C=C1,DTXSID10720565,,
FC(F)(F)C(F)(F)C(F)(F)OC(F)(C1=CC2=CC=CC=C2S1)C(F)(F)F,DTXSID10770449,,
[H]C(F)(OC(F)(F)C(F)(OC(F)(F)C(F)(F)S(O)(=O)=O)C(F)(F)F)C(F)(F)F,DTXSID10892352,,
CC1=CC(=C(C)S1)C1=C(C2=C(C)SC(C)=C2)C(F)(F)C(F)(F)C1(F)F,DTXSID10893364,,
FC(F)(F)C(F)(F)C(F)(F)CSCC1=CC=CC=C1,DTXSID10895580,,
FC(C(F)(F)F)C(F)(F)COS(=O)(=O)C(F)(F)C(F)(F)C(F)(F)C(F)(F)F,DTXSID10895924,,
FC(F)(F)C(F)(F)C(F)(F)C(F)(F)S(=O)(=O)OC1=CCCCCC1,DTXSID10896113,,
CCCCCCOC1=CC=C(C=C1)S(=O)(=O)CCC(F)(F)C(F)(F)C(F)(F)C(F)(F)C(F)(F)C(F)(F)C(F)(F)C(F)(F)C(F)(F)C(F)(F)F,DTXSID10896158,,
CCSC1=C(C)C(=CC=C1C(F)(C(F)(F)F)C(F)(F)F)C(O)=O,DTXSID10896390,,
CC(C)SC1=C(C)C(=CC=C1C(F)(C(F)(F)F)C(F)(F)F)C(O)=O,DTXSID10896395,,
CCC1=C(SCC(C)C)C(=CC=C1C(O)=O)C(F)(C(F)(F)F)C(F)(F)F,DTXSID10896411,,
CCS(=O)C1=C(C)C(=CC=C1C(F)(C(F)(F)F)C(F)(F)F)C(O)=O,DTXSID10896416,,
CCC1=C(C(=CC=C1C(O)=O)C(F)(C(F)(F)F)C(F)(F)F)S(=O)(=O)C(C)C,DTXSID10896431,,
CCC1=C(C(=CC=C1C(O)=O)C(F)(C(F)(F)F)C(F)(F)F)S(=O)CC(C)C,DTXSID10896436,,
OS(=O)C(F)(F)C(F)(F)C(F)(F)C(F)(F)C(F)(F)C(F)(F)C(F)(F)C(F)(F)F,DTXSID10904262,,
CCOC(=O)C(=C)S(=O)C(F)(F)C(F)(F)C(F)(F)C(F)(F)F,DTXSID10896037,,
OS(=O)(=O)C(F)(F)C(F)(F)C1(F)C(F)(F)C(F)(F)C(F)(F)C(F)(F)C1(F)F,DTXSID201020605,,
FC(F)C(F)(F)CS,DTXSID201022570,,
FC(SC1=CC=CC=C1)C(F)(F)F,DTXSID201022663,,
CC(=O)SCC(F)(F)C(F)(F)F,DTXSID201023047,,
OS(=O)(=O)C(F)(F)C(F)(F)C(F)(F)C(F)(F)C(F)(F)C(F)(F)C(F)(F)C(F)(F)C(F)(F)C(F)(F)C(\F)=C(/F)C(F)(F)F,DTXSID201032276,,
OS(=O)(=O)C(F)(F)C(F)(F)C(F)(F)C(F)(F)C(F)(F)C(\F)=C(/F)C(F)(F)F,DTXSID201032288,,
OS(=O)(=O)C(F)(F)C(F)(F)C(F)(F)C(F)(F)C(F)(F)C(F)(F)C(F)C(F)(F)F,DTXSID201032321,,
OS(=O)(=O)C(F)(F)C(F)(F)C(F)(F)C(=O)C(F)(F)F,DTXSID201032371,,
FC(F)(F)C(F)(F)C(F)(F)C(F)(F)C(F)(F)C(F)(F)S(=O)(=O)OS(=O)(=O)C(F)(F)C(F)(F)C(F)(F)C(F)(F)C(F)(F)C(F)(F)F,DTXSID201032426,,
OC(=O)CCSCCC(F)(F)C(F)(F)C(F)(F)C(F)(F)F,DTXSID201032583,,
OS(=O)(=O)C(F)(F)C(F)(F)C(F)(F)C(F)(F)C(F)(F)C(F)(F)C(F)=C(F)C(F)(F)F,DTXSID201032595,,
OS(=O)C(F)(F)C(F)(F)F,DTXSID201032814,,
OC(CC(F)(F)C(F)(F)C(F)(F)F)S(O)(=O)=O,DTXSID201034484,,
OC(CC(F)(F)C(F)(F)C(F)(F)C(F)(F)C(F)(F)C(F)(F)C(F)(F)C(F)(F)C(F)(F)C(F)(F)C(F)(F)C(F)(F)C(F)(F)C(F)(F)C(F)(F)F)S(O)(=O)=O,DTXSID201034646,,
OS(=O)C(F)(F)C(F)(F)C(F)(F)C(F)(F)C(F)(F)F,DTXSID201034822,,
OS(=O)(=O)OC(F)(F)C(F)(F)C(F)(F)C(F)(F)C(F)(F)C(F)(F)C(F)(F)F,DTXSID201034834,,
OS(=O)(=O)C1(F)C(F)(F)C(F)(F)C(F)(F)C(F)(C(F)(F)C(F)(F)C(F)(F)C(F)(F)F)C1(F)F,DTXSID201034953,,
OS(=O)(=O)C(F)(F)C(F)(F)C(F)(F)C(F)(F)C(F)(F)C(F)(F)C(\F)=C(/F)C(F)(F)C(F)(F)C(F)(F)C(F)(F)C(F)(F)C(F)(F)C(F)(F)F,DTXSID201035206,,
OS(=O)(=O)CC(F)(F)C(F)(F)C(F)(F)C(F)(F)C(F)(F)C(F)(F)F,DTXSID201035549,,
OC(=O)CCS(=O)CCC(F)(F)C(F)(F)C(F)(F)C(F)(F)C(F)(F)C(F)(F)C(F)(F)C(F)(F)C(F)(F)C(F)(F)C(F)(F)C(F)(F)F,DTXSID201035856,,
OS(=O)(=O)CC=C(F)C(F)(F)C(F)(F)C(F)(F)C(F)(F)C(F)(F)C(F)(F)C(F)(F)F,DTXSID201036311,,
OC(C(O)=O)C(=O)SC(=O)CCC(F)(F)C(F)(F)C(F)(F)C(F)(F)F,DTXSID201036478,,
OC(C(O)=O)C(=O)SC(=O)CCC(F)(F)C(F)(F)C(F)(F)C(F)(F)C(F)(F)C(F)(F)F,DTXSID201036523,,
OC(CSC(=O)CCC(F)(F)C(F)(F)C(F)(F)C(F)(F)C(F)(F)C(F)(F)C(F)(F)C(F)(F)C(F)(F)C(F)(F)C(F)(F)C(F)(F)F)C(O)=O,DTXSID201036547,,
C[C@]12C[C@H](C3=CC=C(C=C3)S(C)(=O)=O)C3=C4CCC(=O)C=C4CC[C@H]3[C@@H]1CC[C@@]2(O)C(F)(F)C(F)(F)F,DTXSID201110777,,
CS(=O)(=O)OCC(F)(F)C(F)(F)C(F)(F)C(F)(F)C(F)(F)C(F)(F)F,DTXSID201149358,,
FC(C(F)(F)F)C(F)(F)C1CCCS1,DTXSID201223164,,
OC(=O)C(F)(C(F)(F)F)S(F)(=O)=O,DTXSID201336232,,
CCS(=O)(=O)C(F)(F)C(F)(F)C(O)=O,DTXSID201336244,,
OC(=O)C(F)(OC(F)(F)C(F)(OC(F)(F)C(F)(F)S(O)(=O)=O)C(F)(F)OC(F)(F)C(F)(F)S(O)(=O)=O)C(F)(F)F,DTXSID201336599,,
OC(=O)C(F)(F)C(F)(F)OC(F)(F)C(F)(F)S(O)(=O)=O,DTXSID201336644,,
FC(F)(F)C(F)(F)C(F)(F)C(F)(F)C(F)(F)C(F)(F)C(F)(F)C(F)(F)CCCCCCCCCCCS,DTXSID201348308,,
OS(=O)(=O)C(F)(F)C(F)(F)OC(F)(F)C(F)(F)C1=CC=C(C=C)C=C1,DTXSID201348796,,
OS(=O)(=O)C(F)(F)C(F)(F)C(F)(C(F)(F)F)C(F)(F)F,DTXSID201349013,,
OC(=O)CC(C(=O)OCCSC(F)(F)C(F)OC(F)(F)C(F)(F)C(F)(F)F)S(O)(=O)=O,DTXSID201353280,,
OS(=O)(=O)C(F)(F)C(F)(F)OC(F)(F)C(F)(F)C(F)(F)F,DTXSID201355036,,
FC(F)(F)C(F)(F)C(F)(F)C(F)(F)S(=O)(=O)CS(=O)(=O)C(F)(F)C(F)(F)C(F)(F)C(F)(F)F,DTXSID20330472,,
FC(F)(F)C(F)(F)C(F)(F)C(F)(F)C(F)(F)C(F)(F)C(F)(F)C(F)(F)CCS,DTXSID20337446,,
FC(F)(F)C(F)(F)SSC(F)(F)C(F)(F)F,DTXSID20341902,,
CS(=O)(=O)C1=CC=C(OS(=O)(=O)C(F)(F)C(F)(F)F)C=C1,DTXSID20614603,,
OCCCCCCCCCSCCCC(F)(F)C(F)(F)F,DTXSID20704896,,
OCCCSCCC(F)(F)C(F)(F)C(F)(F)C(F)(F)C(F)(F)C(F)(F)F,DTXSID2073487,,
OS(=O)(=O)C(F)=C(F)C(F)(F)C(F)(F)C(F)(F)C(F)(F)C(F)(F)C(F)(F)C(F)(F)F,DTXSID20825530,,
CCCCCCCCC1=C(SC=C1)C1=CC(=CS1)C(F)(F)C(F)(F)C(F)(F)C(F)(F)C(F)(F)C(F)(F)C(F)(F)C(F)(F)F,DTXSID20827670,,
FC(F)(F)C(F)(F)C(F)(F)C(F)(F)S(F)(=O)=O,DTXSID20861913,,
OS(=O)(=O)C1(F)C(F)(F)C(F)(F)C(F)(C(F)(F)F)C(F)(F)C1(F)F,DTXSID20867516,,
OS(=O)(=O)C(F)(F)C(F)(F)C(F)(F)C(F)(F)C(F)(F)C(F)(F)C(F)(F)C(F)(F)C(F)(F)C(F)(F)C(F)(F)C(F)(F)F,DTXSID20873011,,
FC(F)(F)C(F)(C(F)(F)F)C(F)(F)S(=O)(=O)OS(=O)(=O)C(F)(F)C(F)(C(F)(F)F)C(F)(F)F,DTXSID20881116,,
CC(=O)SCCC(F)(F)C(F)(F)C(F)(F)C(F)(F)C(F)(F)C(F)(F)C(F)(F)C(F)(F)F,DTXSID30895749,,
OS(=O)(=O)C(F)(C(F)(F)F)C(F)(F)C(F)(F)C(F)(F)C(F)(F)C(F)(F)C(F)(F)F,DTXSID30895921,,
FC(F)(F)C(OS(=O)(=O)C(F)(F)C(F)(F)C(F)(F)C(F)(F)F)C(F)(F)F,DTXSID30895926,,
OC(=O)CCSCCC(F)(F)C(F)(F)C(F)(F)C(F)(F)C(F)(F)C(F)(F)C(F)(F)C(F)(F)F,DTXSID20892601,,
FC(F)COS(=O)(=O)C(F)(F)C(F)(F)C(F)(F)C(F)(F)F,DTXSID20895713,,
CS(=O)(=O)OCCC(F)(F)C(F)(F)C(F)(F)C(F)(F)C(F)(F)C(F)(F)F,DTXSID20895718,,
CC(OS(=O)(=O)C(F)(F)C(F)(F)C(F)(F)C(F)(F)F)C(F)(F)F,DTXSID20895758,,
CC(C)=COS(=O)(=O)C(F)(F)C(F)(F)C(F)(F)C(F)(F)F,DTXSID20895930,,
FC(F)(F)C(F)(F)C(F)(F)C(F)(F)C1=CSC2=CC=CC=C12,DTXSID20895990,,
CC1=CC=C(C=C1)S(=O)(=O)OCCC(F)(F)C(F)(F)C(F)(F)C(F)(F)F,DTXSID20896028,,
COC(=O)C1=C(OC)C=CC=C1OS(=O)(=O)C(F)(F)C(F)(F)C(F)(F)C(F)(F)F,DTXSID20896245,,
COC(=O)C(F)(F)C(F)(F)S(C)(=O)=O,DTXSID80544290,,
FC(F)(F)C(F)(F)C(F)(F)C(F)(F)C(F)(F)C(F)(F)CCSCC1CO1,DTXSID80544912,,
OC(CSCCC(F)(F)C(F)(F)F)CSCCC(F)(F)C(F)(F)F,DTXSID80550997,,
FC(F)(F)C(F)(F)OC(F)(F)C(F)(OC(F)(F)C(F)(F)S(F)(=O)=O)C(F)(F)F,DTXSID80564034,,
OC(=O)C1=CC(=CC=C1)S(=O)(=O)C(F)(F)C(F)(F)C(F)(F)F,DTXSID80575049,,
CC(=C)C(=O)SCCC(F)(F)C(F)(F)C(F)(F)C(F)(F)C(F)(F)C(F)(F)C(F)(F)C(F)(F)C(F)(C(F)(F)F)C(F)(F)F,DTXSID8067573,,
FC(F)(F)C(F)(F)C(F)(F)C(F)(F)C(F)(F)C(F)(F)C1=CC(S)=CC=C1,DTXSID80703401,,
FC(=C(F)C(F)(F)C(F)(F)C(F)(F)F)C(F)(F)OS(F)(=O)=O,DTXSID80830983,,
COC1=CC=C(C=CS(=O)(=O)C(F)(F)C(F)(F)C(F)(F)C(F)(F)C(F)(F)C(F)(F)F)C=C1,DTXSID80833358,,
CCCCCCCCC1=CSC(=C1)C1=C(CCCCCC(F)(F)C(F)(F)C(F)(F)C(F)(F)F)C=CS1,DTXSID80844585,,
FC(F)=C(F)OC(F)(F)C(F)(F)S(F)(=O)=O,DTXSID80880246,,
FC(F)C(F)(F)C(F)(F)C(F)(F)S(=O)(=O)OS(=O)(=O)C(F)(F)C(F)(F)C(F)(F)C(F)F,DTXSID80881117,,
OC(=O)CSCCC(F)(F)C(F)(F)C(F)(F)C(F)(F)C(F)(F)C(F)(F)C(F)(F)C(F)(F)F,DTXSID80892602,,
FC(F)(F)C(F)(F)COS(=O)(=O)C(F)(F)C(F)(F)C(F)(F)C(F)(F)F,DTXSID80895759,,
FC(F)(F)C(F)(F)C(F)(F)C(F)(F)C(F)(F)C(F)(F)C(F)(F)C(F)(F)C(F)(F)C(F)(F)C(F)(F)COS(=O)(=O)C(F)(F)C(F)(F)C(F)(F)C(F)(F)F,DTXSID80896029,,
FC(F)(F)C(F)(F)C(F)(F)C(F)(F)S(=O)(=O)OC1=CCCCC1,DTXSID80896105,,
CC1=C(C(=CC=C1C(O)=O)C(F)(C(F)(F)F)C(F)(F)F)S(C)=O,DTXSID80896408,,
CCS(=O)(=O)C1=C(C)C(=CC=C1C(F)(C(F)(F)F)C(F)(F)F)C(O)=O,DTXSID80896423,,
CCC1=C(C(=CC=C1C(O)=O)C(F)(C(F)(F)F)C(F)(F)F)S(=O)(=O)C(C)(C)C,DTXSID80896443,,
CCC(C)S(=O)(=O)C1=C(CC)C(=CC=C1C(F)(C(F)(F)F)C(F)(F)F)C(O)=O,DTXSID80896448,,
OS(=O)(=O)C(F)(F)C(F)(F)C(F)(F)C(F)(F)C(F)(F)C(F)(F)C(F)(F)C(F)(F)C(F)(F)C(F)(F)C(F)(F)C(F)(F)C(F)(F)C(F)(F)F,DTXSID80904577,,
[H]C(F)(OC(F)(F)C(F)(F)S(O)(=O)=O)C(F)(F)F,DTXSID80904754,,
FC1(F)SC2C(C3=CC=CC4=C3C2=CC=C4)C1(F)F,DTXSID80907846,,
FC(OC(F)(F)C(F)(OC(F)(F)C(F)(F)S(F)(=O)=O)C(F)(F)F)C(F)(F)F,DTXSID901018223,,
FC(=O)C(F)(F)C(F)(F)C(F)(OC(F)(F)C(F)(F)S(F)(=O)=O)C(F)(F)F,DTXSID901020701,,
[H]C(F)(F)C(F)(F)C(F)(OC(F)(F)C(F)(F)S(O)(=O)=O)C(F)(F)F,DTXSID901024715,,
FC(F)(F)C(F)(OC(F)(F)C(F)(F)S(F)(=O)=O)C(F)(F)OC=C,DTXSID901026735,,
CCCCCCC(F)(F)C(F)(F)S(O)(=O)=O,DTXSID901026880,,
OS(=O)(=O)C(F)(F)C(F)(F)C(F)(F)C(F)(F)C(F)(F)C(F)(F)C(F)(F)C(F)(F)C(F)(F)C(\F)=C(/F)C(F)(F)F,DTXSID901032277,,
OS(=O)(=O)C(F)(F)C(F)(F)C(F)(F)C(F)(F)C(=O)C(F)(F)F,DTXSID901032372,,
OS(=O)(=O)C(F)(F)C(F)(F)C(F)(F)C(F)(F)C(F)(F)C(F)(F)C(F)(F)C(F)=C(F)C(F)(F)F,DTXSID901032596,,
OS(=O)(=O)C(F)(F)C(F)(F)C(F)(F)C(F)(F)C(F)C(F)=C(F)C(F)(F)F,DTXSID901032603,,
FC(F)(F)C(F)(F)C(F)(F)C(F)(F)C(F)(F)S(=O)(=O)OS(=O)(=O)C(F)(F)C(F)(F)C(F)(F)C(F)(F)C(F)(F)F,DTXSID901032946,,
OS(=O)C(F)(F)C(F)(F)C(F)(F)C(F)(F)C(F)(F)C(F)(F)C(F)(F)F,DTXSID901033613,,
OC(CC(F)(F)C(F)(F)C(F)(F)C(F)(F)F)S(O)(=O)=O,DTXSID901034485,,
OCC(SCCC(O)=O)C(CO)C(F)(F)C(F)(F)C(F)(F)C(F)(F)C(F)(F)C(F)(F)C(F)(F)C(F)(F)C(F)(F)C(F)(F)C(F)(F)C(F)(F)F,DTXSID901034592,,
OS(=O)(=O)CC(=O)CC(F)(F)C(F)(F)C(F)(F)C(F)(F)F,DTXSID901034623,,
OC(CC(F)(F)C(F)(F)C(F)(F)C(F)(F)C(F)(F)C(F)(F)C(F)(F)C(F)(F)C(F)(F)C(F)(F)C(F)(F)C(F)(F)C(F)(F)C(F)(F)C(F)(F)C(F)(F)F)S(O)(=O)=O,DTXSID901034647,,
OS(=O)(=O)CC(=O)CC(F)(F)C(F)(F)C(F)(F)C(F)(F)C(F)(F)C(F)(F)C(F)(F)C(F)(F)C(F)(F)C(F)(F)C(F)(F)C(F)(F)C(F)(F)C(F)(F)F,DTXSID901034659,,
OS(=O)(=O)OC(F)(F)C(F)(F)C(F)(F)C(F)(F)C(F)(F)C(F)(F)F,DTXSID901034835,,
OS(=O)(=O)C(F)(F)C(F)(F)C(F)(F)C(F)(F)C(F)(F)C(F)C(\F)=C(/F)C(F)(F)C(F)(F)C(F)(F)C(F)(F)C(F)(F)C(F)(F)F,DTXSID901035114,,
OS(=O)(=O)OC(F)C(F)C(F)C(F)C(F)C(F)C(F)C(F)C(F)C(F)C(F)C(F)C(F)C(F)(F)C(F)(F)F,DTXSID901035219,,
OS(=O)(=O)C(F)(F)C(F)(F)C(F)(F)C(F)(F)C(F)(F)C(F)(F)C(\F)=C(/F)C(F)(F)C(F)(F)F,DTXSID901035419,,
OS(=O)(=O)CC(F)(F)C(F)(F)F,DTXSID901035564,,
OS(=O)CCC(F)(F)C(F)(F)C(F)(F)C(F)(F)C(F)(F)C(F)(F)F,DTXSID901035738,,
OS(=O)CCC(F)(F)C(F)(F)C(F)(F)C(F)(F)C(F)(F)C(F)(F)C(F)(F)C(F)(F)C(F)(F)C(F)(F)C(F)(F)C(F)(F)F,DTXSID901035752,,
OC(=O)CCSCCC(F)(F)C(F)(F)C(F)(F)C(F)(F)C(F)(F)C(F)(F)C(F)(F)C(F)(F)C(F)(F)C(F)(F)C(F)(F)C(F)(F)F,DTXSID901036186,,
OC(C(O)=O)C(=O)SC(=O)CCC(F)(F)C(F)(F)C(F)(F)C(F)(F)C(F)(F)C(F)(F)C(F)(F)F,DTXSID901036524,,
C[C@]12C[C@H](CCCCCCCCCS(=O)CCCC(F)(F)C(F)(F)F)[C@H]3[C@@H](CCC4=CC(O)=CC=C34)[C@@H]1CC[C@@H]2O,DTXSID901119132,,
FC(F)(F)C(F)(F)C(F)(F)C(F)(F)C(F)(F)C(F)(F)CCS,DTXSID20379947,,
COS(=O)(=O)C(F)(F)C(F)(F)C(F)(F)C(F)(F)F,DTXSID20382274,,
FC(F)C(F)(F)COS(=O)(=O)C(F)(F)F,DTXSID20396477,,
FC(F)(F)C(F)(F)SC1=CC=CC=C1,DTXSID20503947,,
FC(F)(F)C(F)(F)C(F)(F)C(F)(F)C(F)(F)C(F)(F)OC(F)(F)C(F)(F)S(F)(=O)=O,DTXSID20527007,,
CSC(F)(F)C(F)(F)C(F)=O,DTXSID20543520,,
OS(=O)(=O)C(F)(F)C(F)(F)OC(F)(F)C(F)(F)S(O)(=O)=O,DTXSID20544299,,
CSC(=O)C#CC(F)(F)C(F)(F)F,DTXSID20548636,,
OS(=O)(=O)C(F)(F)C(F)(F)OCC(F)(F)F,DTXSID20554611,,
FC(F)(F)C(F)(F)C(F)(F)CCS,DTXSID901266256,,
CSCCC(F)(F)C(F)(F)C(F)(F)C(F)(F)C(F)(F)C(F)(F)C(F)(F)C(F)(F)F,DTXSID901348080,,
OS(=O)(=O)C1=CC=C(OC(F)(F)C(F)(F)C(F)(F)C(F)(F)C(F)(F)C(F)(F)C(F)(F)C(F)(F)C(F)(F)CF)C=C1,DTXSID901349133,,
OS(=O)(=O)C(\F)=C(\F)OC(F)(F)C(F)(F)C(F)(F)F,DTXSID901353281,,
FC1(F)C(F)(F)C(F)(F)S(=O)(=O)C1(F)F,DTXSID90194902,,
OS(=O)(=O)C(F)(F)C(F)(C(F)(F)F)C(F)(F)F,DTXSID90239569,,
CC(S)=CC(=O)C(F)(F)C(F)F,DTXSID90276398,,
FC1(F)SSC(F)(F)C(F)(F)C(F)(F)C1(F)F,DTXSID90338344,,
FC(F)(F)C(F)(SC1=CC=CC=C1)C(F)(F)F,DTXSID90341479,,
OS(=O)(=O)C(F)(F)C(F)F,DTXSID90436415,,
FC(F)(F)C(F)(F)C(F)(F)C(F)(F)C(F)(F)C(F)(F)C1=CC=CS1,DTXSID90438757,,
FC(F)(F)C(F)(F)C(F)(F)C(F)(F)C(F)(F)C(F)(F)C(F)(F)C(F)(F)C1=CSC=C1,DTXSID90441943,,
CC(=O)SCCCC(F)(F)C(F)(F)F,DTXSID90450954,,
CS(=O)(=O)OCCCC(F)(F)C(F)(F)F,DTXSID90475884,,
FC(F)(F)C(=C(S)C(F)(F)C(F)(F)F)C(F)(F)F,DTXSID90505519,,
FC(C(F)(F)C(F)(F)C(F)(F)C(F)(F)C(F)S(F)(=O)=O)S(F)(=O)=O,DTXSID90511175,,
CCSC(F)(F)C(F)(F)C(=O)OC,DTXSID90543092,,
CCS(=O)(=O)C(F)(F)C(F)(F)C(F)=O,DTXSID90543517,,
FC(F)C(F)(F)CS(=O)(=O)CC1=CC=CC=C1,DTXSID90572120,,
OC(=O)C1=CC(=CC=C1)S(=O)(=O)C(F)(C(F)(F)F)C(F)(F)F,DTXSID90575050,,
OC(=O)C1=CC=C(SC(F)(C(F)(F)F)C(F)(F)F)C=C1,DTXSID90575055,,
FC(F)(F)C(F)(F)C(F)(F)C(F)(F)C(F)(F)C(F)(F)C(F)(F)S(F)(=O)=O,DTXSID9059830,,
FC(F)(F)C(F)(F)C1(F)C(F)(F)C(F)(F)C(F)(C(F)(F)C1(F)F)S(F)(=O)=O,DTXSID90880590,,
OC(=O)CC(F)(F)C(F)(F)OC(F)(F)C(F)(F)S(F)(=O)=O,DTXSID90893382,,
FC(F)(F)C(F)(F)C(F)(F)C(F)(F)C(F)(F)COS(=O)(=O)C(F)(F)C(F)(F)C(F)(F)C(F)(F)F,DTXSID90895987,,
CC1=CC=C(C=C1)S(=O)(=O)OCCC(F)(F)C(F)(F)C(F)(F)C(F)(F)C(F)(F)C(F)(F)C(F)(F)C(F)(F)F,DTXSID90896095,,
CC1C2CC(C1SCCC(F)(F)C(F)(F)C(F)(F)C(F)(F)C(F)(F)C(F)(F)F)C1C2C(=O)OC1=O,DTXSID90896252,,
CCCSC1=C(C)C(=CC=C1C(F)(C(F)(F)F)C(F)(F)F)C(O)=O,DTXSID90896398,,
CCC1=C(C(=CC=C1C(O)=O)C(F)(C(F)(F)F)C(F)(F)F)S(C)=O,DTXSID90896414,,
CC(C)S(=O)C1=C(C)C(=CC=C1C(F)(C(F)(F)F)C(F)(F)F)C(O)=O,DTXSID90896419,,
CC1=C(C(=CC=C1C(O)=O)C(F)(C(F)(F)F)C(F)(F)F)S(=O)(=O)C(C)(C)C,DTXSID90896434,,
CCC(C)S(=O)C1=C(CC)C(=CC=C1C(F)(C(F)(F)F)C(F)(F)F)C(O)=O,DTXSID90896439,,
FC(=O)C(F)(C(F)(F)F)S(F)(=O)=O,DTXSID20446486,,
FC(F)(F)C(F)(F)C(F)(F)C(F)(F)C(F)(F)C(F)(F)S(=O)C=C,DTXSID20462500,,
OCCSC(F)(F)C(F)(F)C(F)(F)C(F)(F)F,DTXSID20477311,,
COC(=O)C1=CC=C(C=C1)S(=O)(=O)C(F)(F)C(F)(F)C(F)(F)F,DTXSID20575043,,
NC(=O)C(F)(OC(F)(F)F)C(F)(F)F,DTXSID20896482,,
[H][C@](N)(CSC(F)(F)C(F)F)C(O)=O,DTXSID20915283,,
FC(C1=NC2=CC=CC=C2N1)C(F)(F)F,DTXSID20961487,,
[H]C1=NC(NC(=O)C(F)(F)C(F)(F)F)N=N1,DTXSID301019128,,
FC(F)(F)C(F)(F)C1=CSC=N1,DTXSID301022335,,
FC(F)(F)C(F)(F)C1=CC(=CC=C1)C#N,DTXSID301022935,,
CC1=CN=C(C=C1)C(F)C(F)(F)F,DTXSID301023202,,
C\C(N)=C\C(=O)C(F)(F)C(F)F,DTXSID301023238,,
NC1=CC=C(C=C1)C(F)C(F)(F)F,DTXSID301023276,,
CCNS(=O)(=O)C(F)(F)C(F)(F)F,DTXSID301035516,,
CN(C)C(=O)C(F)(F)C(F)(F)F,DTXSID301045167,,
FC1(F)CN(CC1(F)F)C(=O)C1=CC=CC=C1,DTXSID301224060,,
FC(F)(F)C(F)(F)CCNC1=CC=CC=C1,DTXSID301271685,,
CCNC(=O)C(F)C(F)(F)F,DTXSID301281781,,
FC(F)C(F)C(=O)NC1=CC=CC=C1,DTXSID301296637,,
CN(C)C(=O)C(F)(F)C(F)(F)C(F)(F)F,DTXSID301353326,,
FC(F)(F)C(F)(F)C1=NC=CN1,DTXSID301353669,,
NNC(=O)C(F)(F)C(F)(F)C(F)(F)F,DTXSID30289321,,
NC(=N)C(F)(F)C(F)(F)F,DTXSID30394964,,
NC1=NNC(=N1)C(F)(F)C(F)(F)F,DTXSID30408535,,
FC(F)C(F)(F)N1C=CN=C1,DTXSID30533412,,
NC1=NOC(=C1)C(F)(F)C(F)(F)F,DTXSID30555078,,
COC1=CC=C(C=C1)\N=C\C(F)(F)C(F)F,DTXSID30578909,,
NC(C(O)=O)C(F)(F)C(F)(F)C(F)(F)F,DTXSID90897567,,
CCN(CC)C(=O)C(F)(F)C(F)F,DTXSID90959977,,
ONC(=N)C(F)(F)C(F)(F)F,DTXSID90962921,,
FC(F)C(F)(F)COC1=CC=C(C=C1)C#N,DTXSID30651887,,
FNC(F)(F)C(F)C(F)(F)F,DTXSID30702429,,
FC(=O)C(F)(C#N)C(F)(F)F,DTXSID30706866,,
FC(F)(F)C(F)(F)C(=O)ON=O,DTXSID30710165,,
CCCCOC1(F)N(N=C(F)F)C1(F)F,DTXSID30757030,,
FC(F)(N=O)C(F)(F)C(F)(F)N=O,DTXSID30768525,,
CN(O)C(=O)C(F)(F)C(F)(F)C(F)(F)F,DTXSID30773270,,
ON=C(C1=CC=CC=C1)C(F)(F)C(F)(F)F,DTXSID30798165,,
FC(F)(F)C(F)(F)NC1=CC=CC=C1,DTXSID30813327,,
CCOC(=O)C=C(N)C(F)(F)C(F)(F)F,DTXSID30825187,,
CC1=NN(C(C)=C1)C(F)(F)C(F)(F)C(O)=O,DTXSID401022619,,
NCCSC(F)(F)C(F)(F)F,DTXSID401023150,,
CC(C)(N)C(F)(F)C(F)(F)F,DTXSID401023243,,
NCC(F)(C(O)=O)C(F)(F)F,DTXSID401027083,,
CN(C)NC(=N)C(F)(F)C(F)(F)F,DTXSID401184215,,
CC1=CSC(=N1)C(=O)C(F)(F)C(F)(F)F,DTXSID401184815,,
CC(C)C(N)COCC(F)(F)C(F)(F)F,DTXSID401210260,,
FN=C(F)C(F)(F)C(F)(F)C(F)(F)F,DTXSID401243879,,
FC(F)(F)C(F)(F)CCCSC#N,DTXSID401280374,,
FC(F)(F)C(F)(F)C(=O)N1C=CN=C1,DTXSID40221959,,
NC(=N)C(F)(F)C(F)(F)C(F)(F)F,DTXSID40290781,,
FC(F)(F)C(F)(F)C(F)(F)C1NCCN1,DTXSID40185108,,
NC(=O)C(F)(F)C(F)(F)C(F)(F)C(N)=O,DTXSID40198753,,
CON(C)C(=O)C(F)C(F)(F)F,DTXSID40457211,,
CCN(CC)C(F)(F)C(F)(F)F,DTXSID40505842,,
FC(F)C(F)(F)CNCC(F)(F)C(F)F,DTXSID40507240,,
FC(F)(F)C(F)(F)C1=NC2=CC=CC=C2N1,DTXSID40508893,,
FC(F)(F)C(F)(N=C=O)C(F)(F)F,DTXSID40515522,,
ONC(=O)C(F)(F)C(F)(F)C(F)(F)F,DTXSID40526456,,
FC(F)(F)NC(F)(F)C(F)(F)F,DTXSID40534793,,
NC(F)(F)C(F)(F)C(F)(F)C(F)(F)F,DTXSID40548411,,
FC1(F)C2CN=NC2C1(F)F,DTXSID40548577,,
CC1=C(N)ON=C1C(F)(F)C(F)(F)F,DTXSID40575747,,
CC(N)C(O)C(F)(F)C(F)(F)C(F)(F)F,DTXSID40895396,,
OC(=N)C(F)(F)C(F)(F)C(O)=N,DTXSID40958738,,
FC(C(F)(F)F)C(F)(F)N1C=CN=C1,DTXSID501022486,,
N[C@@H](CCC(F)(F)C(F)(F)F)C(O)=O,DTXSID501022812,,
CO[C@](F)(C(N)=O)C(F)(F)F,DTXSID501022836,,
NCC(F)(F)C(F)(F)C(F)F,DTXSID501023034,,
CC1=NN(CC(F)(F)C(F)F)C(C)=C1N,DTXSID501023127,,
FC(F)(F)C(F)(F)C1=NC2=C(N1)C=NC=C2,DTXSID501023153,,
FC(F)(F)C(F)(F)COCCC#N,DTXSID501023177,,
FC(F)(F)C1(F)CCNC1,DTXSID501023191,,
CNS(=O)(=O)C(F)(F)C(F)(F)F,DTXSID501034788,,
FC(F)(F)C(F)(F)C1=CNC2=NC=CC=C12,DTXSID501199188,,
FC1=NC(F)=C(C=C1)C(F)(F)C(F)(F)F,DTXSID501224973,,
FC(F)C(F)(F)C(=O)N1CCNCC1,DTXSID501232073,,
OC(C1=CC=NC=C1)C(F)(F)C(F)(F)F,DTXSID501235134,,
NC1=NC(=CN=C1)C(F)(F)C(F)(F)F,DTXSID501252037,,
NC(=N)COCC(F)(F)C(F)F,DTXSID501259245,,
FC1(F)CCNC1(F)F,DTXSID501348040,,
FC(F)(F)C(F)(F)C(=O)NC1=CC=NC=C1,DTXSID501353689,,
CC1=NC(=O)C(F)=C(N1)C(F)(F)C(F)(F)F,DTXSID50283720,,
COC(=N)C(F)(F)C(F)(F)C(F)(F)F,DTXSID50292453,,
NCC(O)C(F)(F)C(F)(F)C(F)(F)F,DTXSID50296259,,
NCC(F)(F)C(F)(F)C(F)(F)CN,DTXSID50330243,,
FC(F)(F)C(F)(N=O)C(F)(F)F,DTXSID50379278,,
CCCNC(=O)C(F)(F)C(F)(F)F,DTXSID50505595,,
FC1=NC(F)(F)C(F)(F)N1C(F)(F)F,DTXSID50526760,,
NC1=CC=C(C=C1)C(F)(F)C(F)(F)F,DTXSID50548366,,
CN(C)CCN(C)CC(F)(F)C(F)F,DTXSID50550641,,
CC1=CC(N)=C(N)C=C1OC(F)(F)C(F)F,DTXSID50554301,,
FC(F)(F)C(F)(F)CCSC#N,DTXSID50557610,,
FC(F)=NC(F)(F)C(F)(F)F,DTXSID50568347,,
CCC1=CC(=NN1)C(F)(F)C(F)F,DTXSID50571255,,
OCC1=CN=C(OCC(F)(F)C(F)F)C=C1,DTXSID50593119,,
COC(F)(F)C(F)(F)C#N,DTXSID50608333,,
NC(F)(F)C(F)(F)CF,DTXSID50706444,,
FC1(F)N2CCN(CC2)C1(F)F,DTXSID50762540,,
NC(=CC(=O)C(F)(F)C(F)F)C1=CC=CC=C1,DTXSID50840377,,
NCC1=CC=C2OC(F)(F)C(F)(F)OC2=C1,DTXSID601022615,,
OC1=CN=C(C=C1)C(F)(F)C(F)(F)F,DTXSID601022677,,
OC(=O)C1=CC=NC(=C1)C(F)(F)C(F)(F)F,DTXSID601022958,,
OC(=O)C1CCN(CC(F)(F)C(F)F)CC1,DTXSID601023249,,
FC(F)(F)C(F)(F)C(=O)NN1C=NN=C1,DTXSID601019127,,
CCOC(=O)NCC(F)(F)C(F)(F)F,DTXSID601193157,,
CC1=CC(F)=NC=C1C(F)(F)C(F)(F)F,DTXSID601199648,,
OC(=O)C1=CC(=CN=C1)C(F)(F)C(F)(F)F,DTXSID601200439,,
FC(F)(F)C(F)(F)C(F)(F)C1=NN=NN1,DTXSID601236042,,
NC1=NC=C(S1)C(F)(F)C(F)(F)F,DTXSID601254486,,
OC1=CSC(=N1)C(F)C(F)(F)F,DTXSID60337369,,
OC(C1=CC=CC=N1)C(F)(F)C(F)(F)F,DTXSID60375100,,
NCC(F)(F)C(F)(F)C(F)(F)C(F)(F)F,DTXSID60377826,,
NC(=O)C(F)(F)C(F)F,DTXSID60380239,,
FC(F)(F)C(F)(F)C(F)(F)C(F)(F)C#N,DTXSID60382157,,
FC1=NC(F)(F)C(F)(F)OC1(F)F,DTXSID60456605,,
FC(F)(F)C(F)(F)C1=CC=C(C=C1)C#N,DTXSID60563888,,
FC(F)=NC(F)(F)C(F)(F)C(F)(F)F,DTXSID60707740,,
CCC(N)C(O)C(F)(F)C(F)(F)F,DTXSID60730957,,
CNC(C)=CC(=O)C(F)(F)C(F)F,DTXSID60758111,,
FN(F)SC(F)(F)C(F)(F)F,DTXSID60763548,,
FC(F)C(F)(F)OC1=CC=CC(C#N)=C1C#N,DTXSID60774134,,
NC1=NC(=NC(N)=N1)C(F)C(F)(F)F,DTXSID60775646,,
ON=C(F)C(F)C(F)(F)F,DTXSID60777029,,
FC(F)(F)C(F)(F)C(F)(F)C1=CN=CN=C1,DTXSID60895575,,
NC1=CN=C(N=C1)C(F)(F)C(F)(F)F,DTXSID701022951,,
OC(=O)C(F)(F)C(F)(F)C#N,DTXSID701023028,,
CC(C)(C)OC(=O)N1CC(F)(F)C(F)(F)C1,DTXSID701023185,,
FC(F)(F)C(F)(F)OC1CCNC1,DTXSID701023266,,
CNC(=N)C(F)(F)C(F)(F)F,DTXSID701251635,,
FC(F)(F)C(F)(F)C(F)(F)CCC#N,DTXSID701282048,,
NC(CC(F)(F)C(F)(F)F)C(O)=O,DTXSID701305698,,
CC(C)NC(=O)C(F)(F)C(F)(F)F,DTXSID701349094,,
FC(F)(F)C(F)(F)C(=O)NC1=NC=CC=C1,DTXSID701353392,,
FC(F)(F)C(F)(F)C(=O)N1CCCCCC1,DTXSID701353423,,
FC(F)(F)C(F)(F)C(F)(F)C1=CNC=N1,DTXSID701353673,,
FC(F)(F)C(F)(F)C1NCCN1,DTXSID70182665,,
FC(F)(F)C(F)(F)C(F)(F)C(=O)NC=C,DTXSID70292455,,
CC1=NC2=CC=CC=C2N1C(F)(F)C(F)F,DTXSID70353999,,
NC(=O)C(F)(F)C(F)(F)C(F)(F)C(F)F,DTXSID70366226,,
NC(=O)C(F)C(F)(F)F,DTXSID70380240,,
FC(F)(C#N)C(F)(F)C#N,DTXSID70380806,,
NC1=CC2=C(OC(F)(F)C(F)(F)O2)C=C1N,DTXSID70551776,,
FN1C(F)(F)C(F)(F)OC(F)(F)C1(F)F,DTXSID70577330,,
FC(F)(F)C(F)(F)C1=CC=NN1,DTXSID70578529,,
NNC(=O)C(F)(F)C(F)(F)F,DTXSID70289320,,
COC(F)(C(N)=O)C(F)(F)F,DTXSID70384344,,
FC(F)C(F)(F)C1=NC2=CC=CC=C2N1,DTXSID70386106,,
FC(F)C(F)(F)C(=O)N1CCCCC1,DTXSID70407229,,
NNCC(F)(F)C(F)F,DTXSID70437107,,
FN(F)C(F)(F)C(F)(F)C(F)(F)F,DTXSID70447706,,
CCN(CC(F)(F)C(F)F)C1=CC=CC=C1,DTXSID70507238,,
FC(F)(F)C(F)(F)C#CC#N,DTXSID70511931,,
NNC1=CC(OC(F)(F)C(F)F)=CC=C1,DTXSID70606119,,
NC1=CC(OC(F)(F)C(F)F)=CC=C1,DTXSID7061196,,
FC(=NC(F)(F)C(F)(F)F)C(F)(F)F,DTXSID70631325,,
FC(F)(F)N1C(F)(F)C(F)(F)C1(F)F,DTXSID70631345,,
FC(C#N)=C(F)C(F)(C#N)C(F)(F)F,DTXSID70750363,,
NC1=C(F)C(=O)C(F)(F)C(F)(F)C1(F)F,DTXSID70776866,,
FC(F)(F)OC(F)(F)C(F)(F)C#N,DTXSID70781036,,
CCC(C)C1=NC(OC1=O)C(F)(F)C(F)F,DTXSID70789552,,
CCNC(=O)CC(F)(F)C(F)(F)F,DTXSID70793477,,
CCNCC(F)(F)C(F)(F)C(F)(F)F,DTXSID70895223,,
NCCC(F)(F)C(F)(F)C(F)F,DTXSID801021920,,
NS(=O)(=O)C(F)(F)C(F)(F)C(F)(F)F,DTXSID801022823,,
FC(F)(F)C(F)(F)C1=CN=C(N=C1)C#N,DTXSID801023207,,
FC(F)(F)C(F)(F)SCC1CCCN1,DTXSID801023269,,
FC(F)=C(F)C(F)(F)C(F)(F)C#N,DTXSID801026932,,
CCCCNC(=O)C(F)(F)C(F)(F)F,DTXSID801045643,,
NCC1=NC=CN=C1C(F)(F)C(F)(F)F,DTXSID801219707,,
CC1=CC=C(OCC(F)(F)C(F)F)C(N)=C1,DTXSID801228067,,
CNC1=CC=CC(OC(F)(F)C(F)F)=C1,DTXSID801232503,,
FC(F)C(F)(F)C1=CC(=O)C2=CC=CC=C2N1,DTXSID801238551,,
FC1(F)CN(CC1(F)F)[C@@H]1CCNC1,DTXSID801257581,,
FC(F)(F)C(F)(F)OC1CCNCC1,DTXSID801258515,,
CCOC(=O)C(N)CC(F)(F)C(F)(F)F,DTXSID801267813,,
FC(F)(F)C1(F)CNCCO1,DTXSID801270670,,
CC1(CC(F)(F)C1(F)F)C1=NN=C(N)S1,DTXSID001022629,,
CC(N)C(F)(F)C(F)(F)F,DTXSID001022900,,
CC1=CC=C(C=C1N)C(F)(F)C(F)(F)F,DTXSID001022998,,
CON(C)C(=O)CCC(F)(F)C(F)(F)F,DTXSID001023172,,
NNC1=CC=C(OCC(F)(F)C(F)F)C=C1,DTXSID001023203,,
FC1OC2=C(OC1(F)F)C=CC(=C2)N=C=O,DTXSID001023241,,
CN(C)CCCNC(=O)C(F)(F)C(F)(F)F,DTXSID001034721,,
CN(C)CC(O)CC(F)(F)C(F)(F)F,DTXSID001035717,,
CNCC(O)CC(F)(F)C(F)(F)F,DTXSID001036696,,
FC(F)(F)C(F)(F)C1=NC=C(C=O)C=C1,DTXSID001206691,,
NNC1=CC=C(OC(F)(F)C(F)F)C=C1,DTXSID001248122,,
NC1=CC(SC(F)(F)C(F)F)=CC=C1,DTXSID001254395,,
FN(F)C(F)(C(F)(F)F)C(F)(F)F,DTXSID001267469,,
NCC(F)(F)C(F)(F)F,DTXSID00195026,,
NC1=NC(=O)C(F)=C(N1)C(F)(F)C(F)(F)F,DTXSID00283715,,
FC(CC1=CNC(=O)NC1=O)C(F)(F)F,DTXSID00309681,,
NC1=NC(=O)C(F)(S1)C(F)(F)F,DTXSID00336710,,
NC1=CC=C(SC(F)(F)C(F)F)C=C1,DTXSID80221458,,
FC(F)(F)C(F)(F)CC1=CNC(=O)NC1=O,DTXSID80309684,,
FC(F)(F)C(F)(F)C1=CN=CN1,DTXSID80341822,,
NC1=C2OC(F)(F)C(F)(F)OC2=CC=C1,DTXSID80380195,,
FC(F)(F)C(F)(F)N=O,DTXSID80435856,,
NS(=O)(=O)C(F)(F)C(F)(F)F,DTXSID80460183,,
NCC(F)(F)C(F)F,DTXSID80504814,,
NNC(=O)C(O)(NN)C(F)(F)C(F)(F)F,DTXSID80524734,,
NC1=CC2=C(OC(F)(F)C(F)(F)O2)C=C1,DTXSID00380197,,
NNC(=O)C(O)(NN)C(F)(F)C(F)F,DTXSID00408502,,
NC1=C(C#N)C(=N)C(F)(F)C(F)(F)C1(F)F,DTXSID00452227,,
CCN(CC)C(F)(F)C(F)F,DTXSID00482064,,
CN(CC(F)(F)C(F)F)C1=CC=CC=C1,DTXSID00510795,,
NC(=O)C(F)(F)C(F)(F)F,DTXSID0059871,,
CN(C)C(F)(F)C(F)F,DTXSID00620545,,
NC(=O)C(F)(C(F)(F)F)C(F)(F)F,DTXSID00896309,,
FC(F)(F)C(F)(C1=NC=CN1)C(F)(F)F,DTXSID00896329,,
FC1(F)CC(C#N)C1(F)F,DTXSID00956977,,
FC(F)C(F)(F)C#N,DTXSID00962891,,
NCCCSC(F)(F)C(F)(F)F,DTXSID101023151,,
CC(=O)C1=NC(=CC=C1)C(F)(F)C(F)(F)F,DTXSID101023199,,
NC1=CC(=CC=C1)C(F)(F)C(F)F,DTXSID101023232,,
CN(C)CC(F)(F)C(F)F,DTXSID101023244,,
NS(=O)(=O)CCC(F)(F)C(F)(F)F,DTXSID101036932,,
CC(C)C1=NC(OC1=O)C(F)(F)C(F)F,DTXSID10789551,,
CC(N)=CC(=O)C(F)(F)C(F)F,DTXSID10840131,,
NC(=O)NN=C(F)C(F)C(F)(F)F,DTXSID101172257,,
CN1C=C(N)C(OCC(F)(F)C(F)F)=N1,DTXSID101185076,,
CNC(C)C1=CC=CC=C1C(F)C(F)F,DTXSID101194348,,
CC1=CC(OCC(F)(F)C(F)F)=NC(N)=N1,DTXSID101199148,,
CNCC(F)(F)C(F)(F)C(F)(F)CNC,DTXSID101200896,,
FC(C(F)=NNC1=CC=CC=C1)C(F)(F)F,DTXSID101203814,,
FC(F)(F)C(F)(F)C1=NC=CC(C=O)=C1,DTXSID101204612,,
FC(F)C(F)(F)OC1=CC=C2N=NNC2=C1,DTXSID101245602,,
OC1=NC=CC(=N1)C(F)(F)C(F)(F)F,DTXSID101348448,,
CCNC(=O)C(F)(F)C(F)(F)F,DTXSID101353275,,
NC1=C(F)C=C(SC(F)(F)C(F)F)C=C1,DTXSID10143098,,
NCC(F)(F)C(F)(F)C(F)(F)F,DTXSID10190840,,
FN(F)C(F)(F)C(F)(F)F,DTXSID10276370,,
FC(F)(F)C(F)(F)C(F)(F)C1=NCCO1,DTXSID10292454,,
FC1(F)C(=O)NC(=O)C1(F)F,DTXSID10301858,,
CC1=CC2=C(C=C1)N=C(N2)C(F)C(F)(F)F,DTXSID10385214,,
FC(F)C(F)(F)C1=NC2=CC=CC=C2NC1=O,DTXSID10385370,,
FC1=NC(F)(F)C(F)(F)C(F)(F)C1(F)F,DTXSID10452233,,
NC1=CC=C(OC(F)(F)C(F)(F)F)C=C1,DTXSID10490110,,
FC(F)(F)C(F)(F)C(=O)NC1=CC=CC=C1,DTXSID10505596,,
NCC(F)(F)C(F)(F)C(F)(F)C(F)F,DTXSID10536168,,
NC1=CC=CC2=C1C(F)(F)C(F)(F)C2(F)F,DTXSID10539699,,
CNCC(F)(F)C(F)(F)C(F)(F)F,DTXSID10599394,,
FN(C(F)(F)F)C(F)(F)C(F)(F)F,DTXSID10631324,,
CC(N)C(F)(F)C(F)(F)C(F)(F)F,DTXSID10895186,,
NNC(=N)C(F)(F)C(F)(F)C(F)(F)F,DTXSID10895520,,
NCC(F)(C(F)(F)F)C(F)(F)F,DTXSID10896294,,
FC(F)(F)C(F)(F)C1NCCO1,DTXSID10953275,,
CC1=NC=CN1C(F)(F)C(F)F,DTXSID201022249,,
N[C@H](CC(F)(F)C(F)(F)F)C(O)=O,DTXSID201022287,,
NC1=NC=NC(=N1)C(F)(F)C(F)(F)F,DTXSID201022932,,
FC(F)C(F)(F)C1=NCCCN1,DTXSID201023097,,
CC1=C(N)C=CC(=N1)N1CC(F)(F)C(F)(F)C1,DTXSID201172929,,
FC(F)C(F)(F)N1C=C(C=N1)C1=NN=NN1,DTXSID201183380,,
OC(=O)C1=CN=C(N=C1)C(F)(F)C(F)(F)F,DTXSID201193731,,
CC1=C(ON=C1N)C(F)(F)C(F)(F)F,DTXSID201206873,,
FC1=NC(=CN=C1)C(F)(F)C(F)(F)F,DTXSID201244495,,
NC1=NC=CN=C1C(F)(F)C(F)(F)F,DTXSID201251997,,
FC(F)(F)C(F)(F)CCCC#N,DTXSID201298404,,
FC1(F)CNCC(F)(F)C1(F)F,DTXSID201302382,,
FC(F)(F)C(F)(F)C(F)(F)C(=O)NC=O,DTXSID201353080,,
CC1=C(N)C=CC(SC(F)(F)C(F)F)=C1,DTXSID20143100,,
NCC(F)(F)C(F)(F)CN,DTXSID20189068,,
FC(F)(C#N)C(F)(F)C(F)(F)C#N,DTXSID20191040,,
NC(F)(F)C(F)(F)C(F)(F)F,DTXSID20276407,,
CSC(=N)C(F)(F)C(F)(F)F,DTXSID20290784,,
NC(=O)C(F)(F)C(F)(F)C(F)(F)F,DTXSID2060965,,
NC1=CC=CC(=C1)C(F)(F)C(F)(F)F,DTXSID20631330,,
CC(F)C(N)(F)F,DTXSID20635191,,
NC(=O)C1(F)OC(F)(F)C(F)(F)C1(F)F,DTXSID20793427,,
FC(F)(F)C(F)(OCC#N)C(F)(F)F,DTXSID20806400,,
CCN(CC)C(F)(F)C(F)C(F)(F)F,DTXSID20880124,,
CCNC(=O)C(F)(F)C(F)(F)C(F)(F)F,DTXSID30895668,,
CNC(=O)C(F)(F)C(F)(F)C(F)(F)F,DTXSID20895591,,
FC(F)(F)C(F)(F)C(F)(F)C1=CC=CN1,DTXSID20895596,,
FC(F)(F)C(F)(C1=CN=CN1)C(F)(F)F,DTXSID20896346,,
FC(C1=NC(=O)C2=CC=CC=C2N1)C(F)(F)F,DTXSID80544053,,
FC(F)(F)C(F)(F)C1=NCCO1,DTXSID80627456,,
FC(C(=O)N1CCCC1)C(F)(F)F,DTXSID80664220,,
FC(F)(F)C(F)(F)N1OC(F)(F)C1(F)F,DTXSID8073899,,
NC1=NC(=N)C(F)(F)C(F)(F)C1(F)F,DTXSID80785328,,
NCCC(F)(F)C(F)(F)C(F)(F)F,DTXSID80895178,,
CCC(N)CC(F)(F)C(F)(F)C(F)(F)F,DTXSID80895198,,
ONC(=N)C(F)(F)C(F)(F)C(F)(F)F,DTXSID80895476,,
FC(F)C(F)(F)C1=NC=NN1,DTXSID901022640,,
FC(F)C(F)(F)C1=NCCCCN1,DTXSID901023098,,
CC1NCC(F)(F)C1(F)F,DTXSID901023179,,
FC(F)C1(F)CCNC1,DTXSID901023193,,
NC1=NN(CC(F)(F)C(F)F)C=N1,DTXSID901023250,,
CCC(C)(CN)OCC(F)(F)C(F)(F)F,DTXSID901199930,,
OC(=O)C1=NC=C(C=C1)C(F)(F)C(F)(F)F,DTXSID901201905,,
NC1=CC=C(OC(F)(F)C(F)F)C=C1,DTXSID20380215,,
NC1=NN=C(S1)C(F)(F)C(F)(F)F,DTXSID20394918,,
FC(F)C(F)(F)CN1CCCCC1,DTXSID20502334,,
FC1(F)C(F)(F)C(F)(N=O)C1(F)F,DTXSID20508513,,
NCC1=CC=C(C=C1)C(F)(F)C(F)(F)F,DTXSID20563889,,
NC1=C(F)C=C(C=C1)C(F)(F)C(F)(F)F,DTXSID901229682,,
FC(F)(F)C(F)(F)CNC1CCCCC1,DTXSID901245725,,
CC(OC(N)=O)C(F)(F)C(F)F,DTXSID901259059,,
CNC(=O)C(F)(F)C(F)(F)F,DTXSID901349038,,
FC(F)(F)C(F)(F)C(=O)NC1CCCCC1,DTXSID901353629,,
FC(F)C(F)(F)OC1=CC=CC(=C1)N=C=O,DTXSID90198884,,
NC1=CC(N)=C(OC(F)(F)C(F)F)C=C1,DTXSID90211022,,
FC(F)(F)C(F)(F)C(F)(F)C1=NCCN1,DTXSID90292457,,
NC1=CC=CC=C1OC(F)(F)C(F)F,DTXSID90380929,,
FC(F)(F)C(F)(C#N)C(F)(F)F,DTXSID90505110,,
NC1=CC2=C(OC(F)(F)C2(F)F)C=C1,DTXSID90549418,,
FC(F)(F)C(F)(F)C(F)(F)C#N,DTXSID9059913,,
FC(F)(F)C(F)(F)C#N,DTXSID9059965,,
COC(F)(F)C(F)(F)C(N)=O,DTXSID90608332,,
FC(F)(F)C(F)(F)C1=NC2=CC=CC=C2O1,DTXSID90631443,,
FC(F)(F)C(F)(F)C(=O)N1CCCC1,DTXSID90664377,,
FC(F)(F)C(F)(F)C(F)(F)C(=O)ON=O,DTXSID90693006,,
FC(F)(F)C(F)(F)C(F)(F)C1=NC=CN1,DTXSID90895508,,
FC(F)(F)C(F)(F)C(F)(F)C1=NC=CC=N1,DTXSID90895548,,
NC(F)(F)CF,DTXSID20591900,,
OC\C=C/C(F)(C(F)(F)F)C(F)(F)F,DTXSID20896740,,
FC(I)C(F)(F)Cl,DTXSID20956813,,
CCN(CC)C(F)(F)C(F)Cl,DTXSID20957103,,
FCC(F)(F)C(F)(F)Cl,DTXSID20987046,,
NC1=CC=CC=C1SC(F)(F)C(F)Cl,DTXSID301001723,,
OC(=O)\C=C\C(F)(F)C(F)F,DTXSID301022711,,
OCCC(F)C(F)(F)F,DTXSID301022923,,
COC1=C(F)C(F)(F)C(F)(F)C(F)=C1OC,DTXSID301023214,,
CC(F)(F)C(F)(F)COC(=O)C=C,DTXSID301027004,,
OC(=O)CC(F)(F)C(F)(F)F,DTXSID301032879,,
OP(O)(=O)OCC(F)(F)C(F)F,DTXSID301032936,,
FC(F)OC(F)(C(F)F)C(F)(F)F,DTXSID301037148,,
FC(F)OC(F)(F)C(F)(F)Cl,DTXSID301037312,,
CC(C)OCC(O)COCC(F)(F)C(F)F,DTXSID301186975,,
FC(F)C(F)(F)OC1=CC=CC(CCl)=C1,DTXSID301202755,,
CC(=O)CC(F)(OC(F)(F)F)C(F)(F)F,DTXSID301219114,,
FC(Cl)C(F)(F)OC1=CN=C(F)C=C1,DTXSID301223393,,
FC1(F)N(SCl)C1(F)F,DTXSID301226373,,
FC(F)C(F)(F)C1=CC(=O)C2=CC=CC=C2O1,DTXSID301227414,,
OCC1=CC(OC(F)(F)C(F)Cl)=CC=C1,DTXSID301234059,,
OCC1=CC=CC=C1OC(F)(F)C(F)F,DTXSID301255661,,
CC1CC(F)(F)C1(F)Cl,DTXSID301256219,,
CC(=O)\C=C\C(F)(F)C(F)(F)F,DTXSID301263535,,
FC(F)(Cl)C(F)(Cl)ON=O,DTXSID301269064,,
FC(Cl)C(F)(F)C1=CC=CC=C1,DTXSID301269414,,
FC1(F)COCC(F)(F)C1(F)F,DTXSID301272526,,
FC(F)(F)C(F)(F)C1CO1,DTXSID301287272,,
FCC(=O)C(F)(F)C(F)(F)F,DTXSID301300458,,
OC(F)(C(F)F)C(F)(F)F,DTXSID301300789,,
OC(=O)C1(F)OC(F)(F)OC1(F)F,DTXSID301336235,,
FCC(F)C(F)(F)Br,DTXSID301345438,,
FCC(F)(F)C(F)(F)Br,DTXSID301345440,,
FCC(F)(F)C(F)Br,DTXSID301345519,,
OC(=O)C1=CC(=CC=C1)C(F)(F)C(F)(F)F,DTXSID301348444,,
FOC(F)(F)C(F)(F)F,DTXSID301348925,,
COC(=O)CC(=O)C(F)(F)C(F)(F)F,DTXSID30146788,,
CCOC(=O)C(C)(C)C(F)(F)CF,DTXSID30162645,,
CC(C)(C)C(=O)CC(=O)C(F)(F)C(F)(F)F,DTXSID30175730,,
FC(F)(Cl)C(F)(F)Br,DTXSID30188880,,
FC1(F)C(Cl)=C(Cl)C1(F)F,DTXSID30191137,,
OCCC(F)(F)C(F)F,DTXSID30207989,,
FC(F)(F)C(F)(F)Cl,DTXSID3026435,,
FC1(F)COCOCC1(F)F,DTXSID30338343,,
FC(F)(F)C(F)(C(Cl)=C)C(F)(F)F,DTXSID30371513,,
COC(F)(C(F)(F)F)C(F)(F)F,DTXSID30379276,,
FC(F)OCC(F)(F)C(F)C(F)(F)F,DTXSID30379312,,
OCCCCCCC(F)(F)C(F)(F)F,DTXSID30379751,,
FC1(F)OC2=CC=CC=C2OC1(F)F,DTXSID30380206,,
FC(F)C(F)(F)C(Cl)=O,DTXSID30380241,,
FC(F)OC(F)(F)C(F)C(F)(F)F,DTXSID30380842,,
OC1=CC=C(OC(F)(F)C(F)F)C=C1,DTXSID30381036,,
FC(Cl)OC(F)(F)C(F)C(F)(F)F,DTXSID30381157,,
OCC(O)CC(F)(F)C(F)(F)C(F)(F)F,DTXSID30382048,,
CC(=O)C(F)(F)C(F)F,DTXSID30382164,,
FC(F)C(F)Br,DTXSID30420171,,
CC1(C)OC(=O)C(F)C1(F)F,DTXSID30457881,,
OC1OCC(F)(F)C1(F)F,DTXSID30470131,,
FC(Cl)C(F)(F)SC1=CC=CC=C1,DTXSID30473162,,
OC(=O)C(F)(Cl)C(F)(F)F,DTXSID30476698,,
FC(F)C(F)(F)COCl,DTXSID30505694,,
CC(C)=CCOC(F)(F)C(F)Cl,DTXSID30522962,,
FC(C(F)(F)Cl)C(Cl)(Cl)Cl,DTXSID30538200,,
OCCC(F)(F)C(F)(F)C(F)=C(F)F,DTXSID30544907,,
OC(=O)C(F)(F)OC(F)(F)C(F)(F)Cl,DTXSID30574567,,
FC(F)(F)C(F)(F)C(=O)C1CCCCC1=O,DTXSID30574704,,
FC(F)(F)C(F)(F)C(=O)C(F)(F)Cl,DTXSID30579517,,
FC1(F)CC2=C(C=C(Cl)C=C2)C1(F)F,DTXSID30580825,,
FC(OCC(F)(F)F)C(F)(F)F,DTXSID30594967,,
OCC(F)(F)C(F)(F)C(F)(F)CO,DTXSID3059927,,
CCOC(=O)C(F)(F)C(F)(F)C(=O)OCC,DTXSID3059929,,
FC(F)(F)C(F)(F)C(F)(F)Br,DTXSID3059971,,
FC(F)(F)C(F)(F)OCC=C,DTXSID30602238,,
CC(=O)C1=CC=C(OC(F)(F)C(F)F)C=C1,DTXSID30603503,,
OC(=O)\C=C\C(F)(F)C(F)(F)C(F)(F)F,DTXSID90896671,,
FC(F)(F)C(F)(Cl)CCl,DTXSID90925910,,
CCOC(F)(C(F)(F)F)C(F)(F)F,DTXSID90944787,,
OC(F)(F)CF,DTXSID90951274,,
FC(C(F)(F)F)C(F)(Cl)C(F)(F)F,DTXSID90991670,,
FC(CCl)C(F)(F)Cl,DTXSID30614250,,
COC1(F)C(C)=C(C)C1(F)F,DTXSID30617564,,
FC1OC(F)(F)C(F)(F)C(F)(F)C1(F)F,DTXSID30620694,,
COC(F)(F)C(F)(F)C(F)F,DTXSID30623281,,
CC1(F)OC(=O)OC1(F)F,DTXSID30623544,,
CC(=C)C(=O)OCC(F)(F)C(F)(F)F,DTXSID3068465,,
CC(O)(C=C)C(F)(F)C(F)(F)F,DTXSID30699022,,
FC(F)(F)C1C(F)(F)OC(F)(F)C1(F)F,DTXSID30818332,,
CC(OC(F)(F)C(F)F)C=C,DTXSID30835584,,
FC(F)C(F)Cl,DTXSID30861929,,
CC(O)C(F)(F)C(F)(F)C(F)(F)F,DTXSID30880135,,
FC(F)(F)C(F)(F)CC1COC(=O)O1,DTXSID30893321,,
COC(O)C(F)(F)C(F)(F)C(F)(F)F,DTXSID30895244,,
FC(C(F)(F)F)C(F)(F)COCC1CO1,DTXSID30917415,,
FC(=O)C(F)(F)OC(F)(F)OC(F)(F)F,DTXSID30920500,,
CC(C)(C)SC(F)(F)C(F)Cl,DTXSID30920621,,
FC(Cl)C(F)(F)S,DTXSID30939612,,
CCC(=O)C(F)(F)C(F)(F)F,DTXSID30958843,,
FC(F)OC(F)C(F)F,DTXSID30971719,,
CCOC1=C(F)C(F)(F)C(F)(F)C1(F)F,DTXSID401023029,,
COC(=O)C(F)(F)C(F)C(F)(F)F,DTXSID401023136,,
COC(F)(C1=CC=CC=C1)C(F)(F)Cl,DTXSID401023229,,
FC(=CC=O)C(F)(F)C(F)(F)C(F)(F)F,DTXSID401026578,,
COC(F)(F)C(F)(F)C(O)=O,DTXSID401028324,,
FC(F)(F)C1(F)OC(=O)OC1(F)F,DTXSID401209447,,
CC1=CC=C2OC(F)C(F)(F)OC2=C1,DTXSID401218026,,
FC(F)(Br)C(F)(F)N1C=CC=N1,DTXSID401227586,,
NC1=CC(Cl)=C(OC(F)(F)C(F)F)C=C1,DTXSID401231608,,
FC(Cl)C(F)(F)N1C=CC=N1,DTXSID401243443,,
FC(F)(F)C(F)(F)C1=CC=CC=C1Cl,DTXSID401249584,,
FOC(F)(OF)C(F)(F)F,DTXSID401249784,,
OCCOC(F)(F)C(F)Cl,DTXSID401273046,,
FC(Cl)C(F)(F)P,DTXSID401274751,,
CCOC(=O)C(F)(F)C(F)(F)C(O)=O,DTXSID401279018,,
CCCCC(F)(F)C(F)(F)Br,DTXSID401299153,,
OC(=O)C1(F)OC(F)(F)C(F)(F)C1(F)F,DTXSID401336238,,
FC(Br)C(F)(F)C(F)(F)F,DTXSID401345348,,
FC(F)C(F)C(F)(F)Br,DTXSID401345443,,
CC(F)(Br)C(F)(F)F,DTXSID401345512,,
FCC(F)(F)CBr,DTXSID401345574,,
OC1(F)C(F)(F)C(F)(F)C1(F)F,DTXSID401348673,,
NC1=CC=C(OC(F)(F)C(F)Cl)C=C1,DTXSID40303446,,
OC(=O)C(F)(F)C(F)(Cl)C(F)(F)Cl,DTXSID40334477,,
CCOC(=O)C(F)C(F)(F)F,DTXSID40334513,,
FC(F)C(F)(F)CI,DTXSID40337468,,
FN(F)C(F)(F)C(F)(F)N(Cl)Cl,DTXSID40338637,,
FC(F)(F)C(F)(F)C(=O)CBr,DTXSID40371302,,
FC(F)(F)C(F)(Br)C#N,DTXSID40371327,,
FC(F)(F)C(F)(F)C(F)(F)C(F)(F)C=O,DTXSID40377824,,
OC1=CC(OC(F)(F)C(F)F)=CC=C1,DTXSID40380217,,
FC(F)C(F)OC(F)(F)F,DTXSID40380393,,
FC(Cl)C(F)(F)OCC=C,DTXSID40380914,,
OCCCOC(F)(F)C(F)(F)C(F)(F)F,DTXSID401358674,,
FC(Cl)(Cl)C(F)(F)OCCl,DTXSID40186438,,
FCC(F)(F)Cl,DTXSID40194932,,
FC(F)(F)C(F)(F)CBr,DTXSID40195025,,
COC(F)(F)C(F)F,DTXSID40195282,,
COC(=O)C(F)(F)C(F)(F)Cl,DTXSID40382115,,
FC(=C)C(=O)OCC(F)(F)C(F)(F)F,DTXSID40382135,,
OC(=O)C(F)C(F)(F)F,DTXSID40382170,,
FC(F)(F)C(=O)C(F)(F)C(F)(F)F,DTXSID40392395,,
OC(C(F)(F)F)C(F)(F)C(F)(F)F,DTXSID40402943,,
FC(F)(Br)C(F)(Cl)CC=C,DTXSID40405737,,
FC(Cl)(Cl)C(F)(F)C1=CC=CC=C1,DTXSID40457993,,
FC(=O)C1(F)OC(F)(F)OC1(F)F,DTXSID40462643,,
FC(C(F)(F)F)C(F)(F)OC(F)(F)F,DTXSID40474448,,
FC(F)(Cl)C(F)(F)C1(F)OC1(F)F,DTXSID40500731,,
FC(F)(F)C1(F)OC1(F)C(F)(F)F,DTXSID40501187,,
FC(F)C(F)(F)C(=O)C1=CC=CC=C1,DTXSID40503429,,
CC(=O)C(F)(C(F)(F)F)C(F)(F)F,DTXSID40508474,,
COC1=CC=C(C=C1)C(F)(F)C(F)(F)F,DTXSID40512036,,
FC(F)C(F)(F)OC(F)(F)C(F)=O,DTXSID40512319,,
FC(F)=NC(F)(F)C(F)(Cl)Cl,DTXSID40520070,,
FC(F)(Cl)C(F)(Cl)CC=C,DTXSID40520378,,
COC(=O)CC(=O)C(F)(F)C(F)F,DTXSID40525025,,
FC(OCCCl)C(F)(F)Cl,DTXSID40529785,,
OC1=CC(OC(F)(F)C(F)Cl)=CC=C1,DTXSID40530255,,
FC(Cl)C(F)(F)C1CCCO1,DTXSID40541220,,
CCCCCC(=O)C(F)(F)C(F)(F)F,DTXSID40549504,,
FC(Cl)C(F)(F)C(F)Cl,DTXSID40564111,,
FC(Cl)C(F)(F)C(Cl)Cl,DTXSID40564116,,
OCCOCC(F)(F)C(F)(F)F,DTXSID40566155,,
FC(F)(F)C(F)(C=O)C(F)(F)F,DTXSID40596518,,
COC(=O)C(F)(F)C(F)(F)C(F)(F)F,DTXSID4059881,,
OCC(F)(F)C(F)(F)C(F)(F)F,DTXSID4059914,,
OCC(F)(F)C(F)(F)F,DTXSID4059966,,
FC(=O)C(F)(F)C(F)(F)F,DTXSID4059968,,
FC(F)(F)COC(F)(F)C(F)(F)Cl,DTXSID40605078,,
FC(F)C(F)I,DTXSID40620746,,
CCC(=O)C(C)C(F)(F)C(F)(F)F,DTXSID40631433,,
CC(=O)OCC(F)(F)C(F)(F)F,DTXSID40650447,,
Cl.NC(=N)C(F)(F)C(F)(F)C(F)(F)F,DTXSID40655199,,
FC(F)(Br)C(F)(F)C=C,DTXSID4066389,,
CCC(F)(F)C(F)(F)CCBr,DTXSID40672886,,
FC(F)C(F)(F)OC1=CC=CC=C1Cl,DTXSID40694740,,
CC(=C)C(=O)OCCC(F)(F)C(F)F,DTXSID40711764,,
OC(=O)C(O)(F)C(F)(F)F,DTXSID40712059,,
FC(F)(Cl)C(F)(Cl)OC1=CC=CC=C1,DTXSID40741900,,
FC(F)(C(Cl)Cl)C(F)(Cl)Cl,DTXSID4075031,,
FC(F)C(F)(F)C(F)(F)C(F)(F)Cl,DTXSID4075245,,
CCOC(F)(F)C(F)F,DTXSID4075249,,
CC(C=O)C(F)(F)C(F)(F)F,DTXSID40763445,,
FC(F)(F)C(F)(F)C#COC1=CC=CC=C1,DTXSID40764391,,
FC(F)(F)C(F)(F)OC=O,DTXSID40785006,,
FC(F)=C(F)OC(F)(F)OC(F)(F)F,DTXSID40825830,,
OC(=O)C(F)(F)C(F)OC(F)(F)F,DTXSID40844622,,
FC(F)C(F)(F)CBr,DTXSID40862366,,
FCC(F)(F)OC(F)F,DTXSID40871458,,
FC(F)(Cl)C1(F)OC1(F)F,DTXSID40884129,,
CC1(COCC(F)(F)C(F)(F)F)COC1,DTXSID40889179,,
OC\C=C\C(F)(C(F)(F)F)C(F)(F)F,DTXSID40896308,,
FC(F)OC(F)(F)[C@H](F)Cl,DTXSID40904634,,
FC(OC(F)(F)F)C(F)(F)F,DTXSID40946332,,
FC(F)OC(F)C(F)(F)C(F)F,DTXSID40956476,,
CCOC(F)(F)C(F)Br,DTXSID40958975,,
CC(CO)C(F)(F)C(F)C(F)(F)F,DTXSID40981925,,
FC1(F)CCC1(F)Cl,DTXSID40984597,,
FC(F)(F)C(F)(Cl)C(F)(F)OCC=C,DTXSID501003999,,
FCC(F)C(F)(F)Cl,DTXSID501019267,,
OC1=CC=C(OCC(F)(F)C(F)(F)F)C=C1,DTXSID501022250,,
FC(C(F)(F)F)C(F)(F)C=O,DTXSID501023208,,
FC(Cl)O[C@@H](F)C(F)(F)F,DTXSID501023210,,
CC(C)(C)C(=O)C(F)(F)CF,DTXSID501023284,,
FC(F)(F)C(F)(F)C(Cl)Br,DTXSID501023315,,
CCCOCC(F)(F)C(F)(F)F,DTXSID501026688,,
FCCCOCC(F)(F)C(F)(F)F,DTXSID501026690,,
CCP(C)(F)(F)C(F)(F)C(F)(F)F,DTXSID501026802,,
OC1C(F)(F)C(F)(F)C(F)(F)C1(F)F,DTXSID501026838,,
FC(F)(F)C(F)(F)OC1=CC=C(Cl)C=C1,DTXSID501026995,,
FC1(F)OCOC1(F)F,DTXSID501027036,,
FC(F)COC(F)(F)C(F)(F)F,DTXSID501027248,,
OC(=O)C=C(F)C(F)(F)C(F)(F)F,DTXSID501036277,,
CCCCOC(=O)C(F)(F)C(F)(F)F,DTXSID501045313,,
FC1(F)COCOCC(F)(F)C1(F)F,DTXSID501045551,,
FC1=C(Cl)C=C(C=C1)C(F)(F)C(F)(F)F,DTXSID501192651,,
OCC=CC(F)(C(F)(F)F)C(F)(F)F,DTXSID501213998,,
OC1=C(OC(F)(F)C(F)F)C=C(C=O)C=C1,DTXSID501223218,,
FC1(F)C(=O)NC(=O)C1(F)Cl,DTXSID501243391,,
OC(=O)\C=C\C(F)(F)C(F)(F)F,DTXSID501263698,,
OC(=O)C(F)(F)C(F)(Cl)Cl,DTXSID501265470,,
FCC(F)(F)Br,DTXSID501345260,,
FC(F)(F)C(F)(F)COC(Cl)=O,DTXSID501348640,,
FC(F)(F)C(F)(Cl)S(F)(=O)=O,DTXSID501349000,,
OC(=O)C\C=C(\F)C(F)(F)C(F)(F)F,DTXSID501353241,,
FC(F)(Br)C(F)(F)C1=NC=CN1,DTXSID501353291,,
FC(F)C(F)C(Cl)(Cl)Cl,DTXSID501358289,,
F[C@H](Cl)[C@@H](F)C(F)(F)Cl,DTXSID501358796,,
CC(F)(F)C(F)(F)C(F)(F)C(O)=O,DTXSID501359063,,
FC(F)(F)C(F)(F)OC1=CC=CC=C1,DTXSID50167758,,
CC(=O)OC(F)(F)OC(F)(F)F,DTXSID50176360,,
OC(=O)C(F)(F)C(F)(F)C(F)(F)C(F)F,DTXSID50191038,,
CC(=C)C(=O)OCC(F)(F)C(F)F,DTXSID50196386,,
FC(=O)C(F)(F)C(F)(F)C(F)(F)C(F)=O,DTXSID50218052,,
FC(F)(Cl)C(F)(F)OCC=C,DTXSID50232773,,
FC(F)(Cl)C(F)(F)C(=O)OC=C,DTXSID50233048,,
CCCCC(=O)C(F)(F)C(F)(F)F,DTXSID50285764,,
FC(F)(F)C(F)(F)S(Cl)(=O)=O,DTXSID50315131,,
OC(=O)C1=CC(OC(F)(F)C(F)F)=CC=C1,DTXSID50342109,,
FC1(F)CC(Cl)C1(F)F,DTXSID50371510,,
FC(F)(F)C(F)(F)P(Cl)Cl,DTXSID50374187,,
CC(O)C(F)(F)C(F)C(F)(F)F,DTXSID50379334,,
COC(=O)C(F)(C(F)(F)F)C(F)(F)F,DTXSID50379576,,
FC(F)C(F)(F)COC(=O)C(F)(F)F,DTXSID50380243,,
CC(C)(C)OC(F)(F)C(F)F,DTXSID50382101,,
FC(C(F)(F)Cl)C(F)(F)Cl,DTXSID5042031,,
FC(F)C1(F)OC(F)(F)C(F)(F)C1(F)F,DTXSID50443468,,
COC(=O)C(F)(F)C(F)F,DTXSID50463267,,
FC(Cl)C(F)(Cl)C(F)(F)Cl,DTXSID50465802,,
FC1(F)COC(=O)C1(F)F,DTXSID50473689,,
CCCCC(=O)CC(=O)C(F)(F)C(F)F,DTXSID50500702,,
FC(F)(Cl)C(F)(F)OS(F)(=O)=O,DTXSID50506183,,
COC(=O)C(=O)C(F)(F)C(F)F,DTXSID50510386,,
FC(F)C(F)(F)C=O,DTXSID50522409,,
COC(=O)C#CC(F)(F)C(F)(F)F,DTXSID50542546,,
COC(=O)C(F)(F)C(F)(F)SCl,DTXSID50543093,,
OCCC(O)C(F)(F)C(F)(F)F,DTXSID50557857,,
FC1(F)COC1(F)Cl,DTXSID50557998,,
OC(F)(F)C(F)F,DTXSID50561292,,
FC(F)(F)C(F)(F)C(=O)C(F)(Cl)Cl,DTXSID50579519,,
COC(=O)OCC(F)(F)C(F)(F)F,DTXSID50592642,,
FC(F)(F)C(F)(F)C(F)(F)COC=C,DTXSID50597571,,
OC(=O)C(F)C(F)(F)C(O)=O,DTXSID50597753,,
FC(F)C1(OC(F)C(F)(F)O1)C(F)(F)F,DTXSID50613962,,
OC(=O)CC(F)(F)C(F)(F)C(F)(F)F,DTXSID50617268,,
FC(F)=C(F)OC(F)(F)C(F)(F)C=C,DTXSID50624351,,
FC1(F)OC(F)(F)C(F)(F)O1,DTXSID50631388,,
COC(=O)C(F)C(F)(F)OC,DTXSID50660315,,
FC1(F)CC(C2=CC=CC=C2)C1(F)Cl,DTXSID50696614,,
FC(C(F)(F)F)C(F)(F)OCCl,DTXSID50707118,,
FC(F)(F)C(F)(F)CCl,DTXSID5073905,,
FC1(F)OC(F)(F)C1(F)F,DTXSID5073907,,
CC(O)CC(=O)C(F)(F)C(F)(F)F,DTXSID50757219,,
FCCC(=O)C(F)(F)C(F)(F)F,DTXSID50783371,,
FC(F)C(F)(F)C1=C(Cl)C=CC(Cl)=C1,DTXSID50799937,,
[H]C12CC([H])(C=C1)C(F)(F)C2(O)F,DTXSID50838971,,
CC(F)(F)C(F)(Cl)Cl,DTXSID50878690,,
FC1(F)COC1(F)F,DTXSID50880152,,
FC(C(F)(F)F)C(F)(F)OCC=C,DTXSID50880495,,
FC(F)C(F)(F)OCC1CO1,DTXSID50881008,,
CCOC(O)C(F)(F)C(F)(F)F,DTXSID50883365,,
OC(=O)C(F)(F)OC(F)(F)OC(F)(F)F,DTXSID50892351,,
OC(=O)C(F)(F)C(F)(F)C(F)F,DTXSID50892417,,
C[C@H](O)C(F)(F)C(F)(F)C(F)(F)F,DTXSID50895185,,
[H][C@](C)(O)C(F)(F)C(F)(F)C(F)(F)F,DTXSID50897563,,
FC(F)OC(F)(F)C(F)F,DTXSID50954428,,
FC(Cl)C(F)(F)OCCl,DTXSID50962705,,
CC(=O)C1=CC(=CC=C1)C(F)(F)C(F)(F)F,DTXSID601022265,,
FC(F)C(F)(F)C(=O)C1CCCCC1=O,DTXSID601022996,,
FC(F)(F)C(F)(F)SCCCl,DTXSID601023237,,
OC1(CCCCC1)C#CC(F)(F)C(F)(F)F,DTXSID601023251,,
FC1(F)CC(Cl)(Cl)C1(F)Cl,DTXSID50989856,,
FC1(F)COC(F)(F)C(F)(F)O1,DTXSID601026786,,
OC(F)(CF)C(F)(F)F,DTXSID601027077,,
FC(F)(F)C(F)(F)CC=O,DTXSID601032654,,
OC(=O)C(F)C(F)(F)C(F)(F)C(F)(F)F,DTXSID601035165,,
CC1=CC(OC(F)(F)C(F)Cl)=CC(C)=C1,DTXSID601207809,,
NC1=C(Cl)C=C(C=C1)C(F)(F)C(F)(F)F,DTXSID601230363,,
FC(F)(F)OC(F)(C#C)C(F)(F)F,DTXSID601233755,,
CCCP(CCC)C(F)(F)C(F)(F)F,DTXSID601238248,,
CC(C)C(O)C(F)(F)C(F)(F)F,DTXSID601270486,,
FC(F)(S)C(F)(F)Cl,DTXSID601280825,,
FC(Cl)(Cl)C(F)(F)C=C,DTXSID601286861,,
FC(F)(F)C(F)(F)C1(F)OC1(F)F,DTXSID601338678,,
FC(Br)C(F)C(F)(F)F,DTXSID601345437,,
FC(CBr)C(F)(F)F,DTXSID601345518,,
FC(F)C(F)C(F)Br,DTXSID601345520,,
CCCCCOC(=O)C(F)(F)C(F)(F)F,DTXSID601353549,,
FC(F)(F)C(F)(F)C(F)(F)C(=O)OC=C,DTXSID60189067,,
CC1=CC=CC=C1OC(F)(F)C(F)F,DTXSID60194979,,
FC(F)(F)C(F)(F)C=O,DTXSID60195027,,
FCC(F)(F)CCl,DTXSID60205312,,
FC(F)(Cl)C(F)(Cl)Cl,DTXSID6021377,,
COCCOC(F)(F)C(F)F,DTXSID60226608,,
FC(F)C(F)(F)COC(=O)C(F)=C,DTXSID60242181,,
FC(F)(F)C1(F)OC1(F)F,DTXSID6029177,,
COC(=O)C(F)(Br)C(F)(F)F,DTXSID60338290,,
FC(F)OCC(F)(F)C(F)F,DTXSID60371783,,
OC(F)(F)C(F)(F)C(F)(F)F,DTXSID60374714,,
FC(F)(F)C(F)(F)C(Br)=C,DTXSID60378439,,
FC(F)(F)C(F)(F)C(F)(F)C(Cl)=C,DTXSID60378712,,
OCCCC(F)(F)C(F)(F)C(F)(F)F,DTXSID60379269,,
FC(C(F)(F)F)C(F)(F)C1CCCO1,DTXSID60379345,,
CCOC(F)(F)C(F)(F)F,DTXSID60379749,,
FC(Cl)C(F)(F)OCC(F)(F)F,DTXSID60380370,,
FC1(F)CC(CCl)C1(F)F,DTXSID60382011,,
NC(=O)C(F)(Cl)C(F)(F)F,DTXSID60382112,,
FC(F)(F)C(F)(Cl)C(Cl)=O,DTXSID60382117,,
FC(F)(Cl)C(F)(Cl)CCCl,DTXSID60382177,,
FC(F)C(F)(F)COCC=C,DTXSID60382617,,
OP(O)(=O)C(F)(F)C(F)(F)F,DTXSID60382879,,
FCC(F)(F)OC(F)(F)F,DTXSID60395803,,
FC(F)C(F)(Cl)C(F)(F)Cl,DTXSID6042026,,
FC(Cl)C(F)(F)C(F)(F)Cl,DTXSID6042028,,
FC(F)(Br)C(F)(F)C(Cl)=O,DTXSID60440802,,
FC(F)=C(F)OCC(F)(F)C(F)(F)F,DTXSID60446485,,
FC(=O)C(F)(C(F)(F)F)C(F)(F)F,DTXSID60447694,,
CC(=O)CC(F)(F)C(F)(F)F,DTXSID60456120,,
FC(OC(F)C(F)(F)F)C(F)(F)F,DTXSID60501149,,
FC1=C(Cl)C(F)(F)C1(F)F,DTXSID60501321,,
OCC(F)(F)C(F)(Cl)Cl,DTXSID60506119,,
CC(C)(OCC(F)(F)C(F)F)C#CC=C,DTXSID60517503,,
FC(F)(F)C(F)(Cl)S(Cl)=O,DTXSID60518671,,
CCOC(=O)C(F)(F)OC(F)(F)C(F)F,DTXSID60521322,,
FC(F)(F)C(F)(CC=C)C(=O)OCC=C,DTXSID60531188,,
FC(F)(F)C(F)(Cl)Br,DTXSID60536931,,
FC(=O)C(F)(Cl)C(F)(F)Cl,DTXSID60537807,,
FC(F)(SCl)C(F)(F)SCl,DTXSID60545588,,
FC1(F)C(=O)N(Br)C(=O)C1(F)F,DTXSID60547320,,
FC(F)(Cl)C(F)(F)C(F)(F)C(Cl)=O,DTXSID60548635,,
OC(F)C(F)(F)C(F)(F)C(F)(F)CF,DTXSID60549369,,
CCOC(=O)C(F)(F)C(F)F,DTXSID60563040,,
FCC(F)(F)C(F)Cl,DTXSID60564113,,
FC(Cl)C(F)(F)CCl,DTXSID60564118,,
FC1=C(F)OC(F)(F)C(F)(F)O1,DTXSID60565302,,
COCC(F)(F)C(F)(F)C(F)(F)F,DTXSID60591585,,
FC(Cl)C(F)(F)C(F)=C(F)F,DTXSID60596454,,
FC(C(F)(F)F)C(Cl)(Cl)Cl,DTXSID60597163,,
FC1(F)OC(F)(F)C(F)(Br)O1,DTXSID60599501,,
FC(C(Cl)Cl)C(F)(F)F,DTXSID60600262,,
FC(F)C(F)(F)OC(F)C(F)(F)F,DTXSID60605075,,
FC1(F)C(=O)OC(=O)C1(F)F,DTXSID6061022,,
CC(C)(C)OC(F)(F)CF,DTXSID60610341,,
COC(=O)C(F)(F)C(F)(F)OC,DTXSID6061074,,
FC(Cl)C(F)(F)N1CCOCC1,DTXSID60620046,,
CC(C)OC(F)(F)C(F)F,DTXSID60621437,,
CCOC(F)C(F)(F)F,DTXSID60623279,,
COC1=CC(OC(F)(F)C(F)F)=CC=C1,DTXSID60626381,,
FC(F)(F)C(F)(F)C(F)(F)SCl,DTXSID60626987,,
FC(Cl)C(F)C(F)(F)Cl,DTXSID60628002,,
FC1(F)CC(C(Cl)=O)C1(F)Cl,DTXSID60664960,,
OCCC(F)(F)C(F)(F)F,DTXSID6068985,,
OC(=O)C(F)(F)C(F)(F)C(F)=CCl,DTXSID60697778,,
FCOC(F)(F)C(F)C(F)(F)F,DTXSID60708818,,
FC(F)C(F)(F)COCC1COC(=O)O1,DTXSID60727423,,
FC1C(F)(F)OC1(F)F,DTXSID6074128,,
FC(=O)C(F)(F)C(F)(F)OC(F)(F)F,DTXSID6074914,,
CC=CC(=O)C(F)(C(F)(F)F)C(F)(F)F,DTXSID60775146,,
CC(C)C(=O)CC(=O)C(F)(F)C(F)(F)F,DTXSID60780896,,
COC1=CC=CC(=C1)C1C(F)(F)C1(F)F,DTXSID60840848,,
OC(=O)C(F)(C(F)F)C(F)F,DTXSID60846724,,
FC(F)(F)C1(F)CO1,DTXSID60871339,,
FC(F)(F)C(F)(F)C(F)(F)C1OCCO1,DTXSID30895486,,
OC(O)C(F)(F)C(F)(F)C(F)(F)F,DTXSID60895191,,
FC(F)(F)C(F)(F)C(F)(F)C1CO1,DTXSID60895292,,
FC(F)(F)C(F)(F)C(F)(F)C(=N)NCl,DTXSID60895318,,
FC(F)(F)C(F)(CC=O)C(F)(F)F,DTXSID60896300,,
OC\C=C\C(F)(F)C(F)(F)C(F)(F)F,DTXSID60896663,,
FC(F)(F)C(F)(F)C(F)(F)OC=C,DTXSID60897519,,
COC(F)(F)C(F)Cl,DTXSID60962534,,
CC(F)(F)OC(F)(F)F,DTXSID60990211,,
FC(F)(F)C(F)(F)C(F)(F)OC=O,DTXSID701014756,,
FC(F)C(F)CCl,DTXSID701019263,,
NC1=NC(Cl)=NC(=N1)C(F)(F)C(F)F,DTXSID701022620,,
OC\C=C\C(F)(F)C(F)(F)F,DTXSID701022818,,
CC1COC(F)(F)C1(F)F,DTXSID701023004,,
FC(F)(F)C(F)(F)C1=CC(=O)C=CO1,DTXSID701023173,,
CC(C)C(F)C(F)(F)C(O)=O,DTXSID701023204,,
FC(F)C1(F)OC(F)(F)C=C1,DTXSID701023216,,
CCOC(=O)C(F)(F)C(F)C(F)(F)F,DTXSID701023228,,
CCC(=O)OC(F)(F)C(F)(F)F,DTXSID701026739,,
CCCCC(F)C(F)(F)C(F)(F)C(O)=O,DTXSID701026903,,
FC1=C(F)C(F)(Cl)C(F)(F)C1(F)F,DTXSID701026965,,
OC(=O)CC(F)C(F)(F)C(F)(F)F,DTXSID701026991,,
FC(F)COC(F)(F)C(F)F,DTXSID701027301,,
OCC=C(F)C(F)(F)C(F)(F)C(F)(F)F,DTXSID701032976,,
OS(=O)(=O)C(F)(Cl)C(F)(F)F,DTXSID701034934,,
FC(F)OC(F)(F)C(F)(Cl)Cl,DTXSID701037314,,
FC(F)(Cl)OC(F)(F)C(F)(F)Cl,DTXSID701037338,,
FC(=O)C(F)(C(F)=O)C(F)(F)F,DTXSID701047896,,
OC(=O)C1=CC2=C(OC(F)(F)C(F)O2)C=C1,DTXSID701176057,,
NC1=C(Cl)C(=N)C(F)(F)C1(F)F,DTXSID701185317,,
COC(F)(F)C(F)(F)C(=O)C1=CC=CC=C1,DTXSID701228983,,
FC(Cl)C(F)(F)OC1=CC=C(Cl)C=C1,DTXSID701229450,,
CC(=O)C1=CC=C(C=C1)C(F)(F)C(F)(F)F,DTXSID701235647,,
CC(O)COC(F)(F)C(F)Cl,DTXSID701243466,,
NC1=CC(OC(F)(F)C(F)Cl)=CC=C1,DTXSID701252495,,
FC(=O)C(F)(F)C(F)(F)C1(F)OC1(F)F,DTXSID701338683,,
CC(F)(F)C(F)Br,DTXSID701345573,,
OC(F)(F)C(F)C(F)(F)F,DTXSID701348672,,
FCC(F)(F)C(F)(F)OC(Cl)=O,DTXSID701348822,,
FC(F)(Cl)C(F)(Cl)CCl,DTXSID701358235,,
FC(F)C(F)(F)OC1=CC2=CC=CC=C2C=C1,DTXSID70182241,,
CCCCCCCCOC(F)(F)C(F)F,DTXSID70184745,,
CC12COC(OC1)(OC2)C(F)(F)C(F)(F)F,DTXSID70185111,,
FC(F)(F)C(F)(F)C(=O)OC=C,DTXSID70189215,,
FC(Cl)C(F)(F)F,DTXSID7029245,,
CN(C)C(C)(C)C(F)(F)C(F)Cl,DTXSID70339874,,
FC(F)=C(F)C(F)(F)C(F)(Cl)Cl,DTXSID70342540,,
CCC(F)(F)C(F)(F)Br,DTXSID70371310,,
CCCC(F)(F)C(F)(F)Br,DTXSID70371315,,
COC(=O)C(F)(F)C(F)(F)C(=O)OC,DTXSID70371855,,
CC(=O)C(F)(F)C(F)C(F)(F)F,DTXSID70379336,,
FC(F)C(F)(F)C(F)(F)C(F)(F)C(F)=O,DTXSID70379730,,
FC(F)(Cl)C(F)(F)S(Cl)(=O)=O,DTXSID70530521,,
FC(F)C(F)(F)C(F)(F)CCl,DTXSID70533537,,
COC(F)(C(F)F)C(F)(F)F,DTXSID70537191,,
OCCC(F)(Cl)C(F)(F)Cl,DTXSID70544906,,
FC(Cl)C(F)(F)C(F)(Cl)Cl,DTXSID70547497,,
FC(F)(F)C(F)(Cl)C(=O)C(F)(F)Cl,DTXSID70567271,,
FC(F)(Cl)C(F)(F)CC=O,DTXSID70572441,,
FC(F)(F)C(F)(F)C(Br)=O,DTXSID70578266,,
OC(=O)C(F)(F)C(F)F,DTXSID7058177,,
FCOC(F)C(F)(F)F,DTXSID70591258,,
OC(=O)C(F)(F)C(F)(F)OC(F)(F)F,DTXSID70191136,,
OC1=CC=CC=C1OC(F)(F)C(F)F,DTXSID70381035,,
FC(F)(Cl)C(F)(Cl)C=C,DTXSID70382128,,
FC(F)(F)OC(F)(F)F,DTXSID70437965,,
OC1=CC=C(C=C1)C(F)(F)C(F)(F)F,DTXSID70446072,,
COC(F)(F)C(F)(F)OC,DTXSID70462919,,
FC(F)(F)C(F)(F)CCBr,DTXSID70502980,,
COC(=O)C(F)(Cl)C(F)(F)Cl,DTXSID70503093,,
FC(C(=O)C1=CC=CC=C1)C(F)(F)F,DTXSID70505552,,
FC(F)(Cl)C(F)(Cl)SCl,DTXSID70509772,,
FC1(F)C(Cl)=C(C#N)C(F)(F)C1(F)F,DTXSID70510944,,
FC(F)C(F)(F)COC(=O)C(Cl)Cl,DTXSID70517872,,
CC(C)=CCC(F)(Cl)C(F)(F)Cl,DTXSID70520381,,
OC(=O)C(F)(F)OC(F)(F)C(F)F,DTXSID70521318,,
OC(=O)C(F)(F)C(F)(Cl)C(O)=O,DTXSID70596460,,
NC(F)(F)C(F)Cl,DTXSID70597053,,
CC(C)(O)C(F)(F)C(F)(F)F,DTXSID70597472,,
FC(F)(F)C1(F)C(=O)C=CC2=CC=CC=C12,DTXSID70613904,,
OCCSC(F)(F)C(F)Cl,DTXSID70614017,,
COC1(F)C(F)(F)C1(F)Br,DTXSID70614936,,
COC(OC)(OC)C(F)C(F)(F)F,DTXSID70615180,,
CC(=C)COC(F)(C(F)(F)F)C(F)(F)F,DTXSID70617184,,
CCCOC(F)(F)C(F)F,DTXSID70621423,,
O.FC(F)(F)C(F)(F)C(F)(F)C=O,DTXSID70622576,,
FC(F)OC(F)C(F)(F)C(F)(F)F,DTXSID70623280,,
FC(F)C(=O)C(F)(F)C(F)(F)F,DTXSID70628179,,
FC(C(Br)=O)C(F)(F)F,DTXSID70660135,,
FC(F)C(F)(F)OC1=CC=C(C=O)C=C1,DTXSID7067908,,
CC(C)COC(F)(F)C(F)F,DTXSID70694778,,
CC(F)(C(O)=O)C(F)(F)F,DTXSID70695664,,
FC(OCCl)C(F)(F)F,DTXSID70707110,,
OC(=O)COC(F)(F)C(F)C(F)(F)F,DTXSID70729231,,
FC1(F)OC(F)(F)C(F)(F)C1(F)F,DTXSID7074329,,
CCOC(=O)C(F)C(C)(F)F,DTXSID70746367,,
COC(F)(F)C(F)(F)C(F)(F)F,DTXSID7074909,,
CC(=C)C(=O)OCC(F)(Cl)C(F)(F)F,DTXSID70763993,,
FC(F)(F)C1(F)OOC(F)(F)O1,DTXSID70767072,,
FC(F)(F)C(F)(F)C(F)(F)C1CCOC1,DTXSID70771619,,
CCC(F)(OC(F)(F)F)C(F)(F)F,DTXSID70782568,,
CCCOC(F)(F)C(F)Cl,DTXSID70784406,,
FC1(F)CC2=C(C(Cl)=CC=C2)C1(F)F,DTXSID70840839,,
FC(Cl)C(F)(F)Br,DTXSID70861887,,
OCCCC(F)(F)C(F)(F)F,DTXSID70869964,,
CC(O)C(F)(F)C(F)(F)F,DTXSID70880134,,
FC(F)C(F)(F)COCC1CO1,DTXSID70880230,,
COC(O)C(F)(F)C(F)(F)F,DTXSID70886373,,
CC(F)(Cl)C(F)(F)F,DTXSID70893542,,
FC(F)(F)OC(F)(F)C(F)(F)Cl,DTXSID70896472,,
FC(F)(F)OC(F)(CC1CO1)C(F)(F)F,DTXSID70897489,,
COC(=O)C(F)C(F)(F)F,DTXSID70959152,,
FC(Cl)(Cl)C(F)(F)C(=O)OC=C,DTXSID801000075,,
CCOC(=O)COC(F)(F)C(F)(F)F,DTXSID801022992,,
FC(F)(Br)C(F)(F)N1C=CN=C1,DTXSID801023057,,
F[C@H](Cl)[C@@](F)(Cl)C(F)(F)F,DTXSID801023138,,
O.FC(F)C(F)(F)C(F)(F)C(F)(F)C=O,DTXSID801023152,,
COC(F)(F)C(F)(Cl)C1=CC=CC=C1,DTXSID801023190,,
OCC(F)(OC(F)(F)C(F)=C)C(F)(F)F,DTXSID801023590,,
CC(=O)OC(F)(F)C(F)(F)C(F)(F)F,DTXSID801027223,,
FC(=O)C1(F)OC1(F)F,DTXSID801031121,,
FC1(F)C(F)(F)[C@](F)(Cl)[C@@]1(F)Cl,DTXSID801037343,,
FC(Cl)C(F)(F)C(F)Br,DTXSID801042906,,
FC(F)(F)C1(F)OC(F)(F)C1(F)F,DTXSID801045750,,
FC(F)(F)C(F)(F)C1=NC=C(CCl)C=C1,DTXSID801206152,,
FC(F)C(F)SC1=CC=C(Cl)C=C1,DTXSID801246651,,
CC(C)C(=O)C(F)(F)C(F)(F)C(F)(F)F,DTXSID801253284,,
FC(F)C(F)(F)OC(Cl)=C,DTXSID801256090,,
OC(=O)C1=CC=C(C=C1)C(F)(F)C(F)(F)F,DTXSID801265655,,
FC(F)(Br)C(F)(F)CCCl,DTXSID801266091,,
FC(F)C(F)(F)S(Cl)(=O)=O,DTXSID801268904,,
OC1=CC=CC=C1C(F)(F)C(F)F,DTXSID801287384,,
OC(=O)C(F)(F)C(F)(F)C(F)C(F)(F)F,DTXSID801335501,,
COC(=O)C(F)(F)C(F)(F)C(O)=O,DTXSID801336242,,
FC(Cl)C(F)(F)SCC1=CC=CC=C1,DTXSID001002889,,
FC(Cl)(Cl)C(F)(F)C(=O)OCC=C,DTXSID001003249,,
COCC(F)(F)C(F)(F)C(F)(F)C(F)F,DTXSID001022455,,
FC(F)=C(Cl)C(F)(Cl)C(F)(F)F,DTXSID001022936,,
CCCOC(=O)OCC(F)(F)C(F)F,DTXSID001023053,,
CC(C)OC(F)(F)C(F)Cl,DTXSID001023215,,
COC(=O)C(F)(CF)C(F)(F)F,DTXSID001026964,,
FC(F)(F)C1(F)OCCOC1(F)F,DTXSID001027043,,
FC(F)(F)C(F)(F)OC1=CC=C(C=C)C=C1,DTXSID001027100,,
FC(OC=O)C(F)(F)F,DTXSID001027279,,
FC1(F)C(F)(F)[C@](F)(Cl)[C@]1(F)Cl,DTXSID001037349,,
FC(F)(F)C1(F)C(F)(F)OC1(F)F,DTXSID001045801,,
FC(F)C(F)(F)OC1=CC=C(CCl)C=C1,DTXSID001212626,,
FC1=CC=CC(=C1C=O)C(F)(F)C(F)(F)F,DTXSID001224116,,
FC(F)(F)C(F)(F)COCCl,DTXSID001246914,,
COC(=O)C(F)(F)C(F)(Cl)Cl,DTXSID001252618,,
COC(C(F)(F)F)C(F)(F)C(F)(F)F,DTXSID001265413,,
CCOC(=O)C(F)(F)CF,DTXSID001304437,,
FC(F)C(F)(Br)C(F)(F)F,DTXSID001345346,,
FC(F)C(F)(F)C(F)Br,DTXSID001345439,,
CC(F)C(F)(F)Br,DTXSID001345572,,
CC(F)(F)C(F)(F)CO,DTXSID001347992,,
CCCCCCOC(=O)C(F)(F)C(F)(F)F,DTXSID001353327,,
FC1=C(F)C(F)(F)C(F)(F)C1=O,DTXSID00179503,,
FC(F)C(F)(F)OC1=CC=CC=C1,DTXSID00188534,,
FC(F)C(F)(F)I,DTXSID00188877,,
CC(=O)C(F)(F)C(F)(F)C(F)(F)F,DTXSID00188993,,
FC(F)(C(Cl)=O)C(F)(F)C(Cl)=O,DTXSID00189066,,
FC(F)(F)C(F)(F)C(F)(F)CCl,DTXSID00190839,,
OC(F)(F)C(F)(F)C(F)F,DTXSID00201737,,
OC1=CC=CC(=C1)C(F)(F)C(F)F,DTXSID00202300,,
FC(F)(F)C(F)(F)C(=O)OCC=C,DTXSID00207592,,
CC(O)CCC(F)(F)C(F)(F)F,DTXSID00337368,,
F\C(=C/C=O)C(F)(F)C(F)(F)C(F)(F)F,DTXSID801346348,,
OC(F)(F)C(F)(F)C(F)(F)CF,DTXSID801348156,,
OC(F)(F)C(O)(F)C(F)(F)F,DTXSID801348675,,
OC(=O)\C=C(/F)C(F)(F)C(F)(F)F,DTXSID801349061,,
OC(F)(F)C(F)(F)F,DTXSID801353076,,
F[C@@H](Cl)[C@@H](F)C(F)(F)Cl,DTXSID801358795,,
CC1=CC=C(OC(F)(F)C(F)F)C=C1,DTXSID80169644,,
COC(=O)C(F)(F)C(F)(F)OC(F)(F)F,DTXSID80189069,,
CCCCOC(F)(F)C(F)F,DTXSID80189327,,
OCC(F)(F)C(F)(F)CO,DTXSID80195281,,
FC(F)C(F)(F)CCl,DTXSID80218121,,
FC(F)C(F)(F)OC1=CC=CC=C1C=O,DTXSID80234366,,
FC(F)(Cl)C(F)(F)Cl,DTXSID8026434,,
CC(C)C(=O)C(F)(F)C(F)(F)F,DTXSID80285757,,
FC(F)(F)C(F)(F)C(=O)C1=CC=CC=C1,DTXSID80285772,,
FC(F)(Cl)C(F)(Cl)N=O,DTXSID80298463,,
CC1=CC(OC(F)(F)C(F)Cl)=CC=C1,DTXSID80304578,,
FC(F)(F)OOC(F)(F)C(F)(F)Cl,DTXSID80310331,,
CC(C)N(C)CC(F)(F)C(F)Cl,DTXSID80345466,,
CC(CO)(C(F)(F)F)C(F)(F)F,DTXSID80371189,,
NC(=O)C(F)(Br)C(F)(F)F,DTXSID80371326,,
OCCCCC(F)(F)C(F)(F)F,DTXSID80377823,,
FC(C(F)(F)F)C(F)(F)OC1=CC=CC=C1,DTXSID80379342,,
FC(F)(F)C(=O)C(=O)C(F)(F)C(F)(F)F,DTXSID80379726,,
OC(=O)C1=CC=C(OC(F)(F)C(F)F)C=C1,DTXSID80380216,,
CC1(CC(F)(F)C1(F)Cl)C=C,DTXSID80380372,,
CCOC(=O)C(F)(Cl)C(F)(F)F,DTXSID80382114,,
FC(=O)C(F)(F)C(F)(F)Cl,DTXSID80382119,,
CC(=O)CC(F)(F)C(F)(F)C(F)(F)F,DTXSID80382139,,
COC(F)C(F)(F)F,DTXSID80382619,,
COC1=C(Cl)C(F)(F)C(F)(F)C1(F)F,DTXSID80401197,,
FC(F)(F)C(F)(F)I,DTXSID8040149,,
FC(F)(F)OC(F)(F)C(F)(F)F,DTXSID80436000,,
FC1(F)C(F)(F)C(F)(Cl)C1(F)F,DTXSID80437198,,
CCOC(=O)C#CC(F)(F)C(F)(F)F,DTXSID80438564,,
COC(F)(C(O)=O)C(F)(F)F,DTXSID80455357,,
FC(F)=C(F)C(F)(F)C(F)(F)Cl,DTXSID80500730,,
OC(F)(C(F)(F)F)C(F)(F)F,DTXSID80506035,,
FC(F)(F)C(F)(F)COC(=O)C(Cl)=C,DTXSID80516538,,
FC(Cl)(Cl)C(F)(F)N1OC1(F)F,DTXSID80520074,,
FC(F)(Br)C(F)(F)CC=C,DTXSID80520377,,
COC(O)C(F)(F)C(F)F,DTXSID80522412,,
CC(C)OCC(F)(F)C(F)F,DTXSID80527008,,
OC(=O)C(F)(OC(F)(F)F)C(F)(F)F,DTXSID80528474,,
OC1=C(Cl)C=C(OC(F)(F)C(F)F)C=C1,DTXSID80530259,,
COC(F)(F)C(F)C(F)(F)OC,DTXSID80536675,,
FC1(F)CC(C#N)C1(F)Cl,DTXSID80542554,,
FC(F)C(F)(F)C(F)(F)Br,DTXSID00213537,,
CCOCCOC(F)(F)C(F)F,DTXSID00234762,,
FC(F)(F)C(F)(Br)C(Cl)=O,DTXSID00371323,,
FC(Cl)C(F)(F)OCCCl,DTXSID00371383,,
COC(=O)C(F)(F)C(F)(F)C(F)F,DTXSID00379546,,
OC1=CC=C(OC(F)(F)C(F)(F)F)C=C1,DTXSID00379748,,
FC(=O)C(F)(F)C(F)(F)C(F)=O,DTXSID00380213,,
FC(I)C(F)(F)F,DTXSID00380218,,
FC(F)(Cl)C(F)(Cl)C(Cl)=C,DTXSID00380278,,
FC(C(Cl)C(F)(F)F)C(F)(F)F,DTXSID00381149,,
OC(=O)C(F)(F)C(F)(F)Cl,DTXSID00382111,,
FC(F)(F)C(F)(Cl)C(Br)=O,DTXSID00382116,,
OCCC(F)(C(F)(F)F)C(F)(F)F,DTXSID00382171,,
FC(F)(F)C(F)(F)COCC=C,DTXSID00395680,,
FC(=O)C(F)(F)C(F)(F)C(F)(F)F,DTXSID0041696,,
FC(C(F)(F)F)C(F)(Cl)Cl,DTXSID0042032,,
CCOC(=O)CC(F)(F)C(F)(F)F,DTXSID00447673,,
FC1(F)C(=O)C(F)(F)C(F)(F)C1(F)F,DTXSID00458749,,
FC(F)(F)C(F)(F)COCC1CO1,DTXSID00476261,,
FC(F)C(F)(F)C1(F)OC1(F)F,DTXSID00502195,,
OC(=O)C1C(F)(F)C1(F)F,DTXSID00503405,,
CC(C)C(=O)C(F)(C(F)(F)F)C(F)(F)F,DTXSID00508475,,
FC(CC=C)C(F)(F)Cl,DTXSID00520379,,
OC1=CC=C(OC(F)(F)C(F)Cl)C=C1,DTXSID00530256,,
CC(C)(O)C(F)(F)C(F)C(F)(F)F,DTXSID00540951,,
OC(=O)C#CC(F)(F)C(F)(F)C(F)F,DTXSID00546236,,
OCC(F)(F)C(F)Cl,DTXSID00547566,,
CCOC(=O)C(F)(F)C(F)(F)C(F)=O,DTXSID00548770,,
FC(F)C(F)(F)OCC1=CC=CC=C1,DTXSID00552711,,
FCC(F)(F)C(F)(Cl)Cl,DTXSID00564112,,
FCC(F)(F)C(Cl)(Cl)Cl,DTXSID00564117,,
OCC(O)C(F)(F)C(F)C(F)(F)F,DTXSID00573087,,
FC(F)(F)C(F)(F)SCl,DTXSID00573789,,
CC(F)(F)C(F)(F)C(O)=O,DTXSID00597844,,
OCC(F)(F)C(F)(F)C(F)(F)C(F)F,DTXSID0059879,,
OCCOCC(F)(F)C(F)F,DTXSID00600246,,
FC(Cl)C(F)(F)OC(F)C(F)(F)F,DTXSID00605074,,
FC(Cl)OC(F)(F)C(F)Cl,DTXSID00606884,,
FC1(F)C(Cl)=C(Cl)C(F)(F)C1(F)F,DTXSID0061038,,
FC(F)C(F)(F)PC1=CC=CC=C1,DTXSID00617536,,
FC(Cl)C(F)(F)OC1=CC=CC(C=O)=C1,DTXSID00659330,,
FC(F)C(F)(F)C(F)(F)OC(F)(F)F,DTXSID00663078,,
OC(=O)C(F)=C(F)C(F)(F)C(F)(F)F,DTXSID00696689,,
FC1C(F)(F)C1(Cl)Br,DTXSID00702572,,
OOC(=O)C(F)(F)C(F)(F)F,DTXSID00709107,,
CC(C)OC(F)(F)C(F)(F)C(F)F,DTXSID00711149,,
CC(F)(F)C(F)(F)Cl,DTXSID0073904,,
FC(F)C(F)(F)C(F)(F)Cl,DTXSID0073906,,
FC(F)OCC(F)(F)C(F)(F)F,DTXSID0074059,,
OC(F)(F)C(F)(F)C(F)(F)Cl,DTXSID00753084,,
FC(=NBr)C(F)(F)C(F)(F)F,DTXSID00754314,,
COC(=O)C=C(O)C(F)(F)C(F)F,DTXSID00764938,,
FCCOC(=O)C(F)(F)C(F)(F)F,DTXSID00813814,,
FC1(F)CC2=C(C=CC(Cl)=C2)C1(F)F,DTXSID00840842,,
COC1=CC=C(C=C1)C1C(F)(F)C1(F)F,DTXSID00840847,,
OC(=O)C(F)C(F)(C(F)(F)F)C(F)(F)F,DTXSID00846723,,
COC(F)(F)C(F)Br,DTXSID00862367,,
OCC(F)(F)C(F)C(F)(F)F,DTXSID00870523,,
COCC(F)(F)C(F)C(F)(F)F,DTXSID00871439,,
CC(O)C(F)(F)C(F)F,DTXSID00880228,,
CCOC(O)C(F)(F)C(F)(F)C(F)(F)F,DTXSID00883370,,
FC(F)=C1OC(F)(F)C(F)(O1)C(F)(F)F,DTXSID00884887,,
OCCCCC(F)(F)C(F)(F)C(F)(F)F,DTXSID00895175,,
[H][C@](N)(CSC(F)(F)C([H])(F)Cl)C(O)=O,DTXSID00914456,,
FC(F)C(F)(F)C(Cl)Br,DTXSID00936951,,
CCOC(F)(F)C(F)Cl,DTXSID00953123,,
FC(F)OC(F)(F)C(F)(F)F,DTXSID00968818,,
FC(F)(F)C(F)(F)CCCCl,DTXSID101022591,,
CCCOC(=O)OCC(F)(F)C(F)(F)F,DTXSID101022953,,
FC(F)=C(F)C(F)(Cl)C(F)(F)Cl,DTXSID101023018,,
FC(F)(F)C(F)(F)C1=C(Cl)C=NC=C1,DTXSID101023206,,
OC1CC(F)(F)C1(F)Cl,DTXSID101023268,,
FC(F)OC(F)(Cl)C(F)(F)F,DTXSID101040111,,
FCC(F)(F)C(F)(Cl)Br,DTXSID101042905,,
OCCOC(=O)C(F)(Cl)C(F)(F)Cl,DTXSID10808519,,
CC1(COCC(F)(F)C(F)F)COC1,DTXSID10826076,,
FC(F)(F)C(F)(F)C(=C)C(Cl)=O,DTXSID10837849,,
FC(Br)C(F)(F)F,DTXSID10861765,,
FC(Br)C(F)(F)Br,DTXSID10861886,,
FC1(F)C(F)(F)C(F)(Cl)C1(F)Cl,DTXSID10870514,,
FC(F)(Cl)C(F)(F)C(F)(Cl)Cl,DTXSID10873888,,
CC(=C)C(F)(F)C(O)(F)C(F)(F)F,DTXSID101026850,,
CC(=O)C1=CC=C2OC(F)(F)C(F)OC2=C1,DTXSID101185521,,
OCC(F)(C(O)=O)C(F)(F)F,DTXSID101208014,,
OC(C(O)=O)C(F)(F)C(F)(F)C(F)(F)F,DTXSID101233700,,
OC1=C2OC(F)(F)C(F)OC2=CC=C1,DTXSID101236128,,
FC1(F)C(F)(F)C(Cl)(Cl)C1(F)Cl,DTXSID101236835,,
FC(F)(F)C(F)(F)C1=CC=C(Cl)S1,DTXSID101240169,,
CC(=O)C1=CC=CC(OC(F)(F)C(F)F)=C1,DTXSID101240721,,
FC(Cl)C(F)(F)OCC1=CC=CC=C1,DTXSID101241929,,
COC(=O)C(F)(C=C)C(F)(F)F,DTXSID101242234,,
CCOC(=O)OCC(F)(F)C(F)F,DTXSID101271639,,
OC(=O)C(F)(F)C(F)(F)C(F)=O,DTXSID101274140,,
COC(F)C(F)(F)C(F)(F)F,DTXSID101277932,,
CCOCC(F)(F)C(F)F,DTXSID101293568,,
CCC(=O)CC(=O)C(F)(F)C(F)(F)F,DTXSID101296562,,
OC(=O)C(F)(F)C(F)C(F)(F)C(F)(F)F,DTXSID101335500,,
F\C(=C\C=O)C(F)(F)C(F)(F)C(F)(F)F,DTXSID101346347,,
FC(C(F)(F)Cl)C(F)(Cl)Cl,DTXSID101358794,,
CC(C)(C(O)=O)C(F)(F)C(F)F,DTXSID10162648,,
COC1=C(F)C(F)(F)C(F)(F)C1(F)F,DTXSID10170041,,
FC(F)C(F)(F)COC=C,DTXSID10183954,,
OC(=O)C(F)(C(F)(F)F)C(F)(F)F,DTXSID10187139,,
FC(F)(F)C(F)(F)C(F)(F)C=O,DTXSID10190946,,
FC(F)C(F)(F)OC1CCCCC1,DTXSID10196569,,
FC(F)OC(F)(F)C(F)Cl,DTXSID1020562,,
FC(F)C(F)(F)OC=C,DTXSID10218295,,
FC(F)C(F)(F)COC(=O)C=C,DTXSID10224331,,
FC(F)(Cl)C(F)(F)C(F)(F)OCC=C,DTXSID10233049,,
CCCC(O)C(F)(F)C(F)(F)C(F)(F)F,DTXSID10285765,,
FC(Cl)C(F)(F)N1C=CC2=CC=CC=C12,DTXSID10325953,,
FC1(F)C=C(Cl)C(F)(F)C1(F)F,DTXSID10348102,,
FC(F)(F)C(F)(OCC=C)C(F)(F)F,DTXSID10370988,,
OCCCC(F)(F)C(F)(F)Br,DTXSID10371319,,
CC(C)(C)OC(=O)C(F)(F)C(F)(F)F,DTXSID10378469,,
FC(C(F)(F)F)C(F)(F)COC(=O)C=C,DTXSID10379310,,
FC1(F)COCC1(F)F,DTXSID10382081,,
FC(C(F)(F)F)C(F)(F)OCCCl,DTXSID10382102,,
FC(OC(F)(F)F)C(F)(F)Br,DTXSID10382622,,
FC(Cl)C(F)(F)Cl,DTXSID1042021,,
FC(F)C(F)(F)Cl,DTXSID1042023,,
FC(Cl)C(F)(Cl)C(F)(F)F,DTXSID1042025,,
FC(F)(F)C(F)(F)C(Cl)Cl,DTXSID1042027,,
FC(F)C(F)(F)C(F)(Cl)Cl,DTXSID1042029,,
CCOC(=O)CC(F)(F)C(F)F,DTXSID10447205,,
COC(F)(Cl)C(F)(F)Cl,DTXSID10458295,,
CCOC(F)(F)C(F)(F)C(F)(F)F,DTXSID10468995,,
FC(=O)C1(F)OC(F)(F)C(F)(F)C1(F)F,DTXSID10471409,,
FC(Cl)(Cl)C(F)(F)C(Cl)=O,DTXSID10503092,,
FOC(F)(OF)C(F)(F)C(F)(F)F,DTXSID10503658,,
CCOC(=O)C(F)(C(F)(F)F)C(F)(F)F,DTXSID10508547,,
COC(=O)C(=O)C(F)(F)C(F)(F)F,DTXSID10510387,,
FC(F)C(F)(Cl)C(F)(F)F,DTXSID10510943,,
OC1(CCCC=C1)C(F)(F)C(F)(F)F,DTXSID10542204,,
OC(=O)C(F)(F)C(F)(F)C(=O)C(F)(F)F,DTXSID10544086,,
COC(F)(F)C(F)(F)C(F)=O,DTXSID10546681,,
CC(=O)C(F)(F)C(F)(F)C(F)(F)C(F)F,DTXSID10547335,,
CC1=C(O)C=CC(OC(F)(F)C(F)Cl)=C1,DTXSID10562846,,
FC(F)(F)C(=O)C(F)(F)C(F)(F)Cl,DTXSID10567270,,
FC(=C(Cl)Cl)C(F)(F)C(F)(F)F,DTXSID10579656,,
OC(=O)C(F)C(F)(F)C(F)(F)F,DTXSID10597158,,
FC(F)OC1(F)C(F)(F)C1(F)Cl,DTXSID10614935,,
COC1=C(OC)C(F)(F)C1(F)F,DTXSID10617562,,
CCOC(=O)CC(O)C(F)(F)C(F)(F)F,DTXSID10619384,,
FC1=C(Cl)C(=O)C(F)(F)C1(F)F,DTXSID10631344,,
FC(F)C(F)(F)C(=O)C1CCCC1=O,DTXSID10664339,,
FCOC(F)(F)C(F)F,DTXSID1073490,,
FC(F)=C(F)OC(F)(F)C(F)(F)F,DTXSID1075305,,
FC(CC(F)(F)F)C(F)(F)OC(=O)C=C,DTXSID10771698,,
CCCC(=O)C(F)(F)C(F)(F)C(F)(F)F,DTXSID10895222,,
OCCOCC(F)(F)C(F)(F)C(F)(F)F,DTXSID10895247,,
FC(F)C(F)(F)OC(F)(F)F,DTXSID10896471,,
CCOC1(O)C(C)(C)C(F)(F)C1(F)F,DTXSID10932267,,
FC(C(F)(F)F)C(F)(F)Cl,DTXSID10957319,,
FC1(F)CCC1(F)Br,DTXSID10959232,,
FC(Cl)C(F)(F)OC(Cl)Cl,DTXSID10962706,,
FC(Cl)OC(F)C(F)(F)F,DTXSID10972320,,
CC(=C)C(=O)OC(C)(C)C(F)(F)C(F)F,DTXSID10982929,,
FC(F)C(F)(F)COC(F)(F)C(F)Cl,DTXSID10983618,,
FC(OC(F)(F)C(F)(F)F)C(F)(F)F,DTXSID201018222,,
FC(F)(Cl)C(F)(F)CCl,DTXSID201019244,,
CC(F)C(F)(F)Cl,DTXSID201019256,,
FC(CCl)C(F)(F)F,DTXSID201019268,,
CC(=O)C1=CC=CC=C1OC(F)(F)C(F)F,DTXSID201022770,,
FC(F)(Cl)C(F)(F)C1=CC=CC=C1,DTXSID201023023,,
CC(O)(C1=CC=CC=C1)C(F)(F)C(F)(F)F,DTXSID201023128,,
OCCC(F)(OC(F)(F)F)C(F)(F)F,DTXSID201023180,,
FC1OC2=C(OC1(F)F)C=CC(Cl)=C2,DTXSID201023273,,
OC1=C(Cl)C(=O)C(F)(F)C1(F)F,DTXSID201023316,,
FC(F)C(F)(F)OC(F)(F)C(F)(F)F,DTXSID201026910,,
FC(F)(F)C(F)(Cl)OC(F)(F)Cl,DTXSID201037145,,
FC(Cl)C(F)(F)OC(F)(F)Cl,DTXSID201037333,,
CCOC1=C(Cl)C(F)(F)C1(F)F,DTXSID201045552,,
FC(F)C(F)(F)C(F)=O,DTXSID201045807,,
FC(Cl)C(F)(F)N1C=NC2=CC=CC=C12,DTXSID201227061,,
CC=CC(=O)OCC(F)(F)C(F)(F)F,DTXSID201227780,,
CC=CC(F)(OC(F)(F)F)C(F)(F)F,DTXSID201230028,,
OC(C1=CC=CO1)C(F)(F)C(F)(F)F,DTXSID201247049,,
CCOC(=O)C(F)(F)C(F)Cl,DTXSID201275303,,
FCC(F)(Br)C(F)(F)F,DTXSID201345435,,
[H]C(C)(F)C(O)(F)F,DTXSID201348984,,
OCC(O)(F)C(F)(F)F,DTXSID201349001,,
FC(F)(Br)C(F)(F)C1=CNC=N1,DTXSID201353292,,
FC(F)(F)C(F)(F)C(F)(Cl)Cl,DTXSID20181729,,
FC(F)=C(F)OC(F)(F)C(F)(F)Cl,DTXSID20205237,,
FC(F)(Cl)C(F)(F)C(=O)OCC=C,DTXSID20233050,,
CCCC(=O)C(F)(F)C(F)(F)F,DTXSID20285756,,
FC(F)(Cl)C(F)(Cl)C(Cl)Cl,DTXSID20290385,,
CC1=CC=CC=C1OC(F)(F)C(F)Cl,DTXSID20304577,,
CC(C)(O)C(F)(F)C(F)(F)C(F)(F)F,DTXSID20337244,,
FC(F)C(F)(F)C(F)(F)C(F)(F)C=O,DTXSID20337466,,
FC(F)(F)C(F)(Br)C(F)(F)F,DTXSID20371289,,
FC(=O)C(F)(Br)C(F)(F)F,DTXSID20371325,,
COC1=C(OC)C(F)(F)C(F)(F)C1(F)F,DTXSID20613878,,
FC1(F)C(F)(Cl)C1(F)OC(Cl)Cl,DTXSID20614941,,
CC1=CC(OC(F)(F)C(F)F)=CC=C1,DTXSID2061935,,
CC1(COC1)OCC(F)(F)C(F)(F)F,DTXSID20667619,,
OCC(O)COCC(F)(F)C(F)F,DTXSID20672905,,
FC(F)C(F)(F)OC1=CC=CC(C=O)=C1,DTXSID2067907,,
CC(=C)C(=O)OCCC(F)(F)C(F)(F)F,DTXSID2068763,,
CCOC(F)(F)C(F)C(F)(F)F,DTXSID20695972,,
FC(F)(F)C(F)(Cl)C1=CC=CC=C1,DTXSID20699379,,
CC(OC(F)(F)C(F)F)C(F)(F)F,DTXSID20728830,,
FCOC(F)(F)C(F)(F)C(F)(F)F,DTXSID20731440,,
CC(F)(F)C(F)(F)Br,DTXSID2074083,,
FC1(F)C(F)(F)C(Cl)(Cl)C1(F)F,DTXSID2075217,,
OCCOC(F)(F)C(F)(F)F,DTXSID20757140,,
FC(F)C(F)(F)OC(F)C(F)Cl,DTXSID20774711,,
OCC1(F)OC(F)(F)C(F)(F)OC1(F)F,DTXSID20817374,,
OC(=O)C(F)C(F)(F)OC(F)(F)F,DTXSID20844620,,
OC(=O)C(F)(C(F)C(F)(F)F)C(F)(F)F,DTXSID20846720,,
FC(F)(F)C(F)(F)C(Cl)(Cl)Cl,DTXSID20863351,,
COC(F)(F)C(F)(F)F,DTXSID20871517,,
CCOC(=O)CC(=O)C(F)(F)C(F)(F)F,DTXSID20880144,,
FC(F)=C(F)C(F)(F)C1(F)OC1(F)F,DTXSID20880220,,
OCC=CC(F)(F)C(F)(F)C(F)(F)F,DTXSID20895233,,
FC(F)C(F)(F)OC1=CC=C(F)C=C1,DTXSID80560490,,
OC(F)(F)C(F)(F)C(F)(F)C(F)(F)F,DTXSID80562292,,
FC(F)(CCl)C(F)(Cl)Cl,DTXSID80564115,,
FC(C(F)=C(Cl)Cl)C(F)(F)F,DTXSID80569246,,
FC(F)(F)C(F)(F)C(=O)C=C,DTXSID80578530,,
COC1=C(F)C(F)(F)C1(F)F,DTXSID80578752,,
OC(=O)C(F)C(F)(F)C(F)(F)C(F)F,DTXSID80579921,,
FC(F)(F)C(F)(F)C1=CC(Cl)=CC=C1,DTXSID80587768,,
FC(F)(Cl)C(F)(Cl)C(F)(F)Cl,DTXSID8058794,,
OCC(F)(F)C(F)F,DTXSID8058796,,
FC1(F)C(F)(F)C1(F)CCBr,DTXSID80597246,,
OC(=O)C(F)(F)C(F)(F)C(F)(F)C(O)=O,DTXSID8059926,,
OC(=O)C(F)(F)C(F)(F)C(O)=O,DTXSID8059928,,
FC(F)(F)C(F)(F)C(F)(F)Cl,DTXSID8059972,,
CCCCCCCC(F)C(F)(F)C(O)(F)F,DTXSID80603194,,
FC(F)C(F)(F)OC(Cl)C(F)(F)F,DTXSID80605077,,
FC(F)OC(F)C(F)(F)Cl,DTXSID80612443,,
COC1=C(F)C(F)(F)C(F)(F)C1=O,DTXSID80613879,,
OCCOCCCC(F)(F)C(F)(F)F,DTXSID80728932,,
CC(O)C(F)=CC(F)(F)C(F)(F)F,DTXSID80756538,,
COC(F)(OC)C(F)(F)F,DTXSID80787120,,
OC1=C(F)C(F)(Cl)C1(F)F,DTXSID80812688,,
FC(=O)C(F)(OC1=CC=CC=C1)C(F)(F)F,DTXSID80823911,,
C[C@H](O)COCC(F)(F)C(F)(F)F,DTXSID80826220,,
FC(F)(F)C(F)(F)CNC(=O)CCl,DTXSID80843871,,
OC(=O)C1(F)C(F)(F)C1(F)F,DTXSID80846721,,
FC(F)(CCl)OC(F)(F)CCl,DTXSID80855050,,
FC(F)(F)C(F)(Cl)C(F)(F)Cl,DTXSID80862360,,
FC(=O)C(F)(OC(F)(F)F)C(F)(F)F,DTXSID80863059,,
COC1(F)C(F)(F)C1(F)Cl,DTXSID80866580,,
FC(F)OC(F)C(F)(F)F,DTXSID80866606,,
FC(F)(Br)C(F)(Cl)C=C,DTXSID80870521,,
FC(F)C(F)(F)C(F)Cl,DTXSID80870748,,
FC(F)OC(F)(F)C(F)(F)OC(F)F,DTXSID80940374,,
FC(F)(F)OC(F)(Cl)C(F)(F)Cl,DTXSID80946331,,
COC(F)(F)C(F)C(F)(F)F,DTXSID80959148,,
CC(=C)COC(F)(F)C(F)F,DTXSID901003177,,
FC(F)C(F)C(F)Cl,DTXSID901019269,,
FC(Br)C(F)(F)S,DTXSID901022888,,
FC(F)C(F)(F)COCCl,DTXSID901023050,,
COP(=O)(OC)OC(F)(F)C(F)(F)F,DTXSID901027088,,
CC(=O)OC(F)(F)C(F)(F)F,DTXSID901027264,,
OC(=O)C(F)(Cl)C(F)(F)C(F)(F)F,DTXSID901036881,,
FC(OC(F)(F)Cl)C(F)(F)F,DTXSID901037108,,
OC(O)C(F)(F)C(F)(F)C(F)(F)C(F)F,DTXSID901045165,,
CC(O)C(F)(F)C(F)(F)Br,DTXSID901045272,,
FC(F)(F)C(F)(F)C(=O)OCl,DTXSID901150803,,
FC(F)(F)C(F)(F)C(F)(F)COCC=C,DTXSID20372190,,
CC(=O)CC(=O)C(F)(F)C(F)(F)F,DTXSID20377822,,
CC(C)(C)C(=O)CC(=O)C(F)(F)C(F)F,DTXSID20377943,,
COC(=O)C(F)(OC)C(F)(F)F,DTXSID20379548,,
COCC(F)(F)C(F)(F)F,DTXSID20379765,,
FC(F)(F)OC(F)(C=C)C(F)(F)F,DTXSID20380250,,
OC1=CC=CC=C1OC(F)(F)C(F)(F)F,DTXSID20381666,,
CCOC(=O)C(F)(F)C(F)(F)Cl,DTXSID20382113,,
FC(F)(Cl)C(F)(F)C(Cl)=O,DTXSID20382118,,
COCC(F)(F)C(F)F,DTXSID20382592,,
FC(F)(F)CC(=O)C(F)(F)C(F)(F)F,DTXSID20501504,,
FC(F)C(F)(F)OC1=CC=C(Cl)C=C1,DTXSID20509686,,
COCCOCC(F)(F)C(F)F,DTXSID20510797,,
OC1=CC=CC=C1C(=O)C(F)C(F)(F)F,DTXSID20511567,,
COC(=O)C(F)(F)C(F)(F)C(F)=O,DTXSID20512317,,
FC(Cl)C(F)(F)C(Cl)(Cl)Cl,DTXSID20512478,,
FC(F)(Cl)C(F)(F)N1OC1(F)F,DTXSID20520073,,
COP(=O)(OC)C(O)C(F)(F)C(F)F,DTXSID20522411,,
OC(=O)C(F)(CC=C)C(F)(F)F,DTXSID20531189,,
FC(C(F)=O)C(F)(F)F,DTXSID20536674,,
CC(C)(O)C(F)(Cl)C(F)(F)F,DTXSID20536932,,
CC(F)(F)C(F)Cl,DTXSID20564114,,
FCC(F)(F)C(Cl)Cl,DTXSID20564119,,
NC1=NC=C(SC(F)(F)C(F)Cl)C=C1,DTXSID901211099,,
OC(=O)CSC(F)(F)C(F)Cl,DTXSID901226319,,
OC(CF)(CF)CC(F)(F)C(F)(F)F,DTXSID901226921,,
OCCOCCOCC(F)(F)C(F)F,DTXSID901229418,,
OCC(O)CC(F)(Cl)C(F)(F)Cl,DTXSID901257639,,
FC(Cl)C(F)(F)N1CCCCC1,DTXSID901262923,,
OC(=O)CC(F)(F)C(F)C(F)(F)F,DTXSID901335504,,
FC(F)(Cl)C(F)(Cl)C1CCCCC1,DTXSID901336807,,
FC(F)(F)C(F)(F)OC=C,DTXSID901348923,,
CCOC(=O)C(C(C)=O)C(F)(F)C(F)(F)F,DTXSID901353374,,
CC(F)(Cl)C(F)(F)Cl,DTXSID901358455,,
FC(F)(F)C(F)(Cl)C(Cl)Cl,DTXSID901358774,,
FC(F)C(F)(F)COP1OCCO1,DTXSID90150947,,
FC(F)C(F)(F)OCC=C,DTXSID90162186,,
FC(F)(F)C(F)(F)Br,DTXSID90188881,,
FC(F)C(F)(F)C(Cl)Cl,DTXSID90193692,,
FC(F)(Cl)C(F)(F)C(F)(F)Cl,DTXSID90216375,,
CC(C)(O)C(F)(F)C(F)F,DTXSID9022283,,
FC(F)(F)C(F)(Cl)C(F)(F)F,DTXSID90226893,,
FC(F)(F)C(F)(Cl)Cl,DTXSID9027150,,
CC(=O)C(F)(F)C(F)(F)F,DTXSID90285748,,
CC(O)C(F)(F)C(F)(F)C(F)(F)C(C)O,DTXSID90301795,,
FC(F)C(F)(F)Br,DTXSID90334442,,
CCCOC(=O)C(F)(F)C(F)(F)F,DTXSID90335696,,
COCOCC(F)(F)C(F)Cl,DTXSID90337397,,
OCCC(F)(F)C(F)(F)Br,DTXSID90371312,,
FC(F)C(F)(F)C(=O)CC(=O)C1=CC=CC=C1,DTXSID90377950,,
FC(F)(F)COC(F)(F)C(F)(F)F,DTXSID90379752,,
OC(=O)C1=CC=CC=C1OC(F)(F)C(F)F,DTXSID90380989,,
CCOC(=O)C(F)(OCC)C(F)(F)F,DTXSID90381552,,
OC(=O)C(F)(Br)C(F)(F)F,DTXSID90382100,,
FC(=O)C(F)(Cl)C(F)(F)F,DTXSID90382120,,
FC(F)(F)C(F)(F)C(F)(F)CC=O,DTXSID90382140,,
FC(F)(F)OC(F)(C(Cl)=C)C(F)(F)F,DTXSID90382504,,
COC(F)(F)C(F)(F)Cl,DTXSID90433368,,
CC(=O)CC(=O)C(F)(F)C(F)F,DTXSID90500701,,
FC(F)(F)C(F)(F)C(=O)OC1CCCCC1,DTXSID90505594,,
COC(=O)CC(O)(O)C(F)(F)C(F)F,DTXSID90525030,,
COC(=O)CC(O)(OC)C(F)(F)C(F)F,DTXSID90525035,,
CCCOC(=O)C(F)(F)C(F)F,DTXSID90536787,,
OC(=O)C(F)(F)C(F)(F)Br,DTXSID90536984,,
COC(=O)C(F)C(F)(F)Cl,DTXSID90538201,,
OC(O)(C(F)(F)F)C(F)(F)C(F)(F)F,DTXSID90547494,,
FC1(F)OCC1(F)Cl,DTXSID90557997,,
FC1(F)C(F)(Cl)C(F)(F)C1(F)Cl,DTXSID9059880,,
CCOC(=O)C(F)(F)C(F)(F)C(F)(F)F,DTXSID9059882,,
FC(F)(F)C(F)(F)COC(=O)C=C,DTXSID9059884,,
FC(F)(F)C(F)(F)C(F)(F)C(Cl)=O,DTXSID9059915,,
FC(F)(F)C(F)(F)C(Cl)=O,DTXSID9059967,,
OC(O)C(F)(F)C(F)(F)F,DTXSID9059969,,
FC(F)C(=O)C(F)(C(F)(F)F)C(F)(F)F,DTXSID90607284,,
OC(=O)C(F)(F)C(F)Cl,DTXSID90608413,,
FC(Cl)OC1(F)C(F)(F)C1(F)Cl,DTXSID90614938,,
COC(F)(F)C(F)OC(F)(F)F,DTXSID90623282,,
OC(=O)C(F)(F)C(F)C(F)(F)F,DTXSID90626970,,
FC(F)(F)C(=O)OCC(F)(F)C(F)(F)F,DTXSID90631064,,
FC(F)(Cl)C(F)(Cl)S(F)(=O)=O,DTXSID90631322,,
FCC(F)(F)I,DTXSID90631721,,
Cl.NCC(F)(F)C(F)(F)F,DTXSID90649104,,
OC(=O)C(F)(F)C(F)Br,DTXSID90660172,,
FC(F)(F)C(F)(F)CCOC(=O)C=C,DTXSID9066209,,
CCOC1=CC=CC=C1OC(F)(F)C(F)F,DTXSID90693405,,
FC(F)(Cl)C(F)(F)C(Cl)Cl,DTXSID9075032,,
FC(F)C(F)(F)C(Cl)(Cl)Cl,DTXSID9075244,,
FC(F)C(F)(F)OC=C=C,DTXSID90762468,,
CCOC(=O)C=C(O)C(F)(F)C(F)F,DTXSID90769174,,
CC(O)C(F)(F)C(F)Cl,DTXSID90773014,,
FC(F)C(F)C(=O)C(F)(F)C(F)(F)F,DTXSID90783370,,
COC(F)(C(F)F)C(F)F,DTXSID90791652,,
CC=CCOC(F)(F)C(F)F,DTXSID90835585,,
OC(=O)COC(F)(F)C(F)(F)C(F)(F)F,DTXSID90844612,,
FC(Br)C(F)(F)Cl,DTXSID90861889,,
FC(C(F)(F)F)C(F)(F)Br,DTXSID90862891,,
FC1=C(Cl)C(F)(F)C(F)(F)C1(F)F,DTXSID90880171,,
CCOC(=O)C=C(O)C(F)(F)C(F)(F)F,DTXSID90893569,,
CCC(C)(O)C(F)(F)C(F)(F)C(F)(F)F,DTXSID90895225,,
FC(F)(F)C(F)(F)C1CCCCC1=O,DTXSID20447695,,
CO[C@@H](F)C(F)(F)F,DTXSID20450725,,
FC(Cl)C(F)(F)C(F)(F)F,DTXSID20455371,,
FC(F)C(F)(F)COS(Cl)=O,DTXSID20467252,,
CCOC(F)(F)C(F)(F)OCC,DTXSID20475519,,
OC1=CC=C(OCC(F)(F)C(F)F)C=C1,DTXSID20593823,,
COC(=O)C(F)(F)C(F)(F)F,DTXSID2059930,,
CCOC(=O)C(F)(F)C(F)(F)F,DTXSID2059980,,
FCC(F)(Cl)C(F)(F)Cl,DTXSID20600263,,
FC-CF,C2H4F2,,
CC[N+](C)(C)CC(F)(F)C(F)F,DTXSID301035354,,
NC(=O)C(F)(N(=O)=O)C(F)(F)F,DTXSID301270013,,
[O]OC(F)(F)C(F)F,DTXSID301358740,,
[NH4+].[O-]C(=O)C(F)(F)C(F)F,DTXSID30162185,,
[O-][N+](=O)C1=CC=C(C=C1)C(F)(F)C(F)(F)F,DTXSID30556000,,
[O-][N+](=O)C1=CC=C(C=CC(F)(F)C(F)F)C=C1,DTXSID30808495,,
[O-]S(=O)(=O)CCC(F)(F)C(F)(F)F,DTXSID401034480,,
FC(F)(F)C(F)(F)\C=C\N(=O)=O,DTXSID401263190,,
FC(F)(F)C(F)(F)C(F)(F)CCN(=O)=O,DTXSID401277224,,
CC[N+](C)(C)CCC(F)(F)C(F)(F)F,DTXSID501034590,,
C[N+](C)(C)CCNCC(F)(F)C(F)(F)F,DTXSID501035229,,
C[N+](C)(C)CC(F)(F)C(F)F,DTXSID501035386,,
OCCC(F)(F)C(F)(F)C(F)(F)F,DTXSID50382141,,
[O-]C(=O)C=CC(=O)OCC(F)(F)C(F)F,DTXSID50803785,,
[O-][N+](=O)C(F)(F)C(F)(F)[N+]([O-])=O,DTXSID50870513,,
CCC[N+](C)(C)CC(F)(F)C(F)F,DTXSID601035377,,
CC[N+](C)(C)CC(F)(F)C(F)(F)C(F)F,DTXSID701035356,,
F[C-](F)C(F)(F)C(F)(F)F,DTXSID701353473,,
FC(C(F)(F)F)C(F)(F)N=[N+]=[N-],DTXSID70452113,,
CCOP([O-])OCC(F)(F)C(F)F,DTXSID70766500,,
C[N+](C)(CCC(F)(F)C(F)(F)F)CC([O-])=O,DTXSID801034606,,
C[N+](C)(CCC(F)C(F)(F)F)CC([O-])=O,DTXSID801036195,,
[O-]C(=O)C1(F)C=CC(F)C(F)(F)C1(F)F,DTXSID001027029,,
[NH-]C(=O)C(F)(F)C(F)(F)C(F)(F)F,DTXSID001353472,,
[O-][N+](=O)C(F)C(F)(F)F,DTXSID00537669,,
[O-]S(=O)(=O)C(F)(F)C(F)(F)C(F)(F)F,DTXSID00892967,,
FC(F)(N(=O)=O)C(F)(Cl)N(=O)=O,DTXSID00962533,,
OC(CC(F)(F)C(F)(F)F)S([O-])(=O)=O,DTXSID101034479,,
C[N+](C)(C)CC(O)CC(F)(F)C(F)(F)F,DTXSID101036706,,
[O-][N+](=O)C(F)(F)C(F)([N+]([O-])=O)[N+]([O-])=O,DTXSID10173996,,
[O-][N+](=O)C(F)(Cl)C(F)(F)F,DTXSID10537670,,
[O-][N+](=O)C1=CC=CC(=C1)C(F)(F)C(F)(F)F,DTXSID10631329,,
CC(F)(F)C(F)(F)COC([O-])=O,DTXSID10700988,,
CCC(OC([O-])=O)C(F)(F)C(F)(F)F,DTXSID10724881,,
[O-]C(=O)C(F)(F)C(F)(F)F,DTXSID10892478,,
Cl.NCCSC(F)(F)C(F)(F)F,DTXSID201336818,,
[O-]S(=O)(=O)C(F)(F)C(F)(F)F,DTXSID20892964,,
[O-][N+](=O)C1=CC=C(OC(F)(F)C(F)F)C=C1,DTXSID8067365,,
FC(F)C(F)(F)OCC(F)(F)F,DTXSID8074786,,
[O-]C(=O)C(F)(F)C(F)(F)C(F)(F)F,DTXSID80892480,,
[O-]C(=O)CCC(F)(F)C(F)(F)C(F)(F)F,DTXSID80892985,,
CCCC[N+](C)(C)CC(F)(F)C(F)F,DTXSID901035271,,
C[N+](C)(C)CC(F)(F)C(F)(F)C(F)F,DTXSID901035388,,
FC1OC2=C(OC1(F)F)C=C(C=C2)N(=O)=O,DTXSID901224551,,
[O-]S(=O)(=O)C(F)(F)C(F)F,DTXSID901358893,,
[O-][N+](=O)C1=CC(OC(F)(F)C(F)F)=CC=C1,DTXSID90167757,,
FC(F)C(F)(F)C(F)(F)OC(F)=C(F)F,DTXSID90233047,,
[O-][N+](=O)C(F)(F)C(F)(F)N=O,DTXSID90508348,,
Cl.NCC(F)(F)C(F)(F)C(F)(F)F,DTXSID90895169,,
C(=C(F))(C=C)(C#C),C6H5F,,
C(=C(F)(F))(C=C)(C#C),C6H4F2,,
C(=C(F)(F))(C=C(F))(C#C),C6H3F3,,
C(=C(F)(F))(C=C(F)(F))(C#C),C6H2F4,,
C(=N(F))(F)(N(F)),CHF3N2,,
C(=N(F))(F)(N(F)(F)),CF4N2,,
C(=N(Cl))(F)(N(F)(F)),CClF3N2,,
C(=C(Cl)(Cl))(N)(O),C2H3Cl2NO,,
C(C(F)(F))(N=C)(C(F)(F)),C4H5F4N,,
N(C(F)O)(O),CH4FNO2,,
N(C(F)(F)O)(O),CH3F2NO2,,
N(C(F)(Cl)O)(O),CH3ClFNO2,,
N(C(F)(Br)O)(O),CH3BrFNO2,,
C(=C(F)(F))(C#C(F))(F),C4F4,,
C(=C(F)(Cl))(C#C(F))(F),C4ClF3,,
C(#N)(C#C(F)),C3FN,,
C(#N)(C#C(Cl)),C3ClN,,
C(#N)(C#C(Br)),C3BrN,,
C(#N)(C#C(I)),C3IN,,
C(#C)(C#C(F)),C4HF,,
C(#C)(C#C(Cl)),C4HCl,,
C(#C)(C#C(Br)),C4HBr,,
C(#C)(C#C(I)),C4HI,,
N(CS)(C=C(F))(N),C3H7FN2S,,
N(CS)(C=C(F)(F))(N),C3H6F2N2S,,
N(C(F)S)(C=C(F)(F))(N),C3H5F3N2S,,
N(C(F)(F)S)(C=C(F)(F))(N),C3H4F4N2S,,
O(C(F))(CS),C2H5FOS,,
O(C(F)(F))(CS),C2H4F2OS,,
O(C(F)(F))(C(F)S),C2H3F3OS,,
O(C(F)(F))(C(F)(F)S),C2H2F4OS,,
CS(C(F)(F))(O)(S(C)),C3H8F2OS2,,
CS(C(F)(F)(F))(O)(S(C)),C3H7F3OS2,,
CS(C(F)(F)(F))(O)(S(C(F))),C3H6F4OS2,,
C(C(F)S),C2H5FS,,
C(C(F)(F)S),C2H4F2S,,
C(F)(C(F)(F)S),C2H3F3S,,
C(F)(F)(C(F)(F)S),C2H2F4S,,
S(C=C(F)(Cl))(S),C2H2ClFS2,,
S(C=C(F)(Br))(S),C2H2BrFS2,,
S(C(F)(Cl)S)(S),CH2ClFS3,,
S(C(F)(Br)S)(S),CH2BrFS3,,
CS(C=C)(S)(S(C(F)(F))),C4H8F2S3,,
C(C=C(F))(F),C3H4F2,,
C(F)(C(F)=C(F)(F))(F),C3HF5,,
C(C=C(F)(F))(C=C(F)(F)),C5H4F4,,
C(C(F))(C)(C=C)(C=C),C7H11F,,
C(C(F)(F))(C)(C=C)(C=C),C7H10F2,,
C(C(F)(F)(F))(C)(C=C)(C=C),C7H9F3,,
C(C(F)(F)(F))(C(F))(C=C)(C=C),C7H8F4,,
C(C#C(F))(F)(F)(F),C3F4,,
C(C#C(Cl))(F)(F)(F),C3ClF3,,
C(C#C(Br))(F)(F)(F),C3BrF3,,
C(C#C(I))(F)(F)(F),C3F3I,,
C(C)(C(F))(C(F)(F)(F))(C#C),C6H6F4,,
F(C(F)S),CH2F2S,,
F(C(F)(F)S),CHF3S,,
F(C(Cl)(F)S),CHClF2S,,
F(C(Br)(F)S),CHBrF2S,,
CS(C(F))(F)(S(C)),C3H8F2S2,,
CS(C(F)(F))(F)(S(C)),C3H7F3S2,,
CS(C(F)(F)(F))(F)(S(C)),C3H6F4S2,,
CS(C(F)(F)(F))(F)(S(C(F))),C3H5F5S2,,
N(C(F))(CS)(C=C),C4H8FNS,,
N(C(F)(F))(CS)(C=C),C4H7F2NS,,
N(C(F)(F)(F))(CS)(C=C),C4H6F3NS,,
C(C(F))(=C)(C#C),C5H5F,,
C(C(F)(F))(=C)(C#C),C5H4F2,,
N(CS)(N=C(F)),C2H5FN2S,,
N(CS)(N=C(F)(F)),C2H4F2N2S,,
N(CS)(N=C(F)(Cl)),C2H4ClFN2S,,
C(CO)(=C(F))(N=C),C4H6FNO,,
C(CO)(=C(F)(F))(N=C),C4H5F2NO,,
C(CO)(=C(F)(Cl))(N=C),C4H5ClFNO,,
C(=C(F))(O)(O),C2H3FO2,,
C(=C(F)(F))(O)(O),C2H2F2O2,,
C(=C(F)(Cl))(O)(O),C2H2ClFO2,,
C(C)(C(F)(F)(F))(=N),C3H4F3N,,
N(C)(C(F))(F),C2H5F2N,,
N(C)(C(F)(F))(F),C2H4F3N,,
N(C)(C(F)(F)(F))(F),C2H3F4N,,
C(C=C(F))(N),C3H6FN,,
C(C=C(F)(F))(N),C3H5F2N,,
C(C=C(F)(Cl))(N),C3H5ClFN,,
N(=N)(N=C(F)),CH2FN3,,
N(=N)(N=C(F)(F)),CHF2N3,,
N(=N)(N=C(F)(Cl)),CHClFN3,,
C(=O)(c1ccccc1)(C=C(F)),C9H7FO,,
C(=O)(c1ccccc1)(C=C(F)(F)),C9H6F2O,,
C(=O)(c1ccccc1)(C=C(F)(Cl)),C9H6ClFO,,
C(C=C(F))(N=C)(=O),C4H4FNO,,
C(C=C(F)(F))(N=C)(=O),C4H3F2NO,,
C(C(F)(F)(F))(N=C)(O),C3H4F3NO,,
C(#N)(S(F)),CFNS,,
C(#N)(S(Cl)),CClNS,,
C(#N)(S(Br)),CBrNS,,
N(C=C(F))(N),C2H5FN2,,
N(C=C(F)(F))(N),C2H4F2N2,,
N(C=C(F)(Cl))(N),C2H4ClFN2,,
C(C(F))(C)(C#C)(O),C5H7FO,,
C(C(F)(F))(C)(C#C)(O),C5H6F2O,,
C(C(F)(F)(F))(C)(C#C)(O),C5H5F3O,,
N(c1ccccc1)(N=C(F)),C7H7FN2,,
N(c1ccccc1)(N=C(F)(F)),C7H6F2N2,,
N(c1ccccc1)(N=C(F)(Cl)),C7H6ClFN2,,
C(C(F)O)(O)(=O),C2H3FO3,,
C(C(F)(F)O)(O)(=O),C2H2F2O3,,
C(C(F)(Cl)O)(O)(=O),C2H2ClFO3,,
P(O)(O)(O(F))(=O),H2FO4P,,
P(O)(O(F))(O(F))(=O),HF2O4P,,
P(O(F))(O(F))(O(F))(=O),F3O4P,,
C(c1ccccc1)(N(F))(=O),C7H6FNO,,
C(c1ccccc1)(N(F)(F))(=O),C7H5F2NO,,
C(c1ccccc1)(N(F)(Cl))(=O),C7H5ClFNO,,
C(C(F))(N)(N),C2H7FN2,,
C(C(F)(F))(N)(N),C2H6F2N2,,
C(C(F)(F)(F))(N)(N),C2H5F3N2,,
C(c1c(F)cccc1)(O),C7H7FO,,
C(c1c(F)c(F)ccc1)(O),C7H6F2O,,
C(c1c(F)c(F)c(F)cc1)(O),C7H5F3O,,
F(P(C(F))),CH3F2P,,
F(P(C(F)(F))),CH2F3P,,
F(P(C(F)(F)(F))),CHF4P,,
S(C=C(F))(O)(=O)(=O),C2H3FO3S,,
S(C=C(F)(F))(O)(=O)(=O),C2H2F2O3S,,
S(C=C(F)(Cl))(O)(=O)(=O),C2H2ClFO3S,,
C(C(F))(C)(C=C)(O),C5H9FO,,
[N-]([NH2+](C(F))),CH4FN2,,
[N-]([NH2+](C(F)(F))),CH3F2N2,,
[N-]([NH2+](C(F)(F)(F))),CH2F3N2,,
[N+](C(F))([N-])(=N),CH3FN3,,
[N+](C(F)(F))([N-])(=N),CH2F2N3,,
[N+](C(F)(F)(F))([N-])(=N),CHF3N3,,
C(=C(F)(F))(C#C),C4H2F2,,
C(=C(F)(F))(C#C(F)),C4HF3,,
C(C(F)(F)O)(F)(O),C2H3F3O2,,
C(C(F)(Cl)O)(F)(O),C2H3ClF2O2,,
C(C(F)(F))(C)(C)(c1ccccc1),C10H12F2,,
C(C(F)(F)(F))(C)(C)(c1ccccc1),C10H11F3,,
S(C(F)O)(c1ccccc1),C7H7FOS,,
S(C(F)(F)O)(c1ccccc1),C7H6F2OS,,
S(C(F)(Cl)O)(c1ccccc1),C7H6ClFOS,,
C(S)(S)(S(F)),CH3FS3,,
C(S)(S(F))(S(F)),CH2F2S3,,
C(S(F))(S(F))(S(F)),CHF3S3,,
C(C)(CO)(C=C(F))(F),C5H8F2O,,
C(C)(CO)(C=C(F)(F))(F),C5H7F3O,,
C(C(F))(CO)(C=C(F)(F))(F),C5H6F4O,,
N(C(F))(=[NH2+]),CH4FN2+,,
N(C(F)(F))(=[NH2+]),CH3F2N2+,,
N(C(F)(F)(F))(=[NH2+]),CH2F3N2+,,
C(c1ccccc1)(c1ccccc1)(=C(F)),C14H11F,,
C(c1ccccc1)(c1ccccc1)(=C(F)(F)),C14H10F2,,
C(c1ccccc1)(c1ccccc1)(=C(F)(Cl)),C14H10ClF,,
N(CS)(C=C(F)),C3H6FNS,,
N(CS)(C=C(F)(F)),C3H5F2NS,,
N(CS)(C=C(Cl)(F)),C3H5ClFNS,,
N(C(F)(F)(F))(S),CH2F3NS,,
C(C)(C(F))(S)(S),C3H7FS2,,
C(C)(C(F)(F))(S)(S),C3H6F2S2,,
C(C)(C(F)(F)(F))(S)(S),C3H5F3S2,,
O(CO)(C=C(F)),C3H5FO2,,
O(CO)(C=C(F)(F)),C3H4F2O2,,
O(C(F)O)(C=C(F)(F)),C3H3F3O2,,
C(C(F)O)(F)(F),C2H3F3O,,
C(C(F)(Cl)O)(F)(F),C2H2ClF3O,,
P(C(F))(O)(O)(=O),CH4FO3P,,
P(C(F)(F))(O)(O)(=O),CH3F2O3P,,
P(C(F)(F)(F))(O)(O)(=O),CH2F3O3P,,
O(C(F)(F)(F))(O),CHF3O2,,
C(#C(F))(S),C2HFS,,
C(#C(F))(S(F)),C2F2S,,
C(#C(Cl))(S(F)),C2ClFS,,
N(O(C(F)(F)(F)))(=O),CF3NO2,,
C(CO)(C=C(F)(F)),C4H6F2O,,
C(CO)(C=C(F)(Cl)),C4H6ClFO,,
O(CO)(N=C(F)),C2H4FNO2,,
O(CO)(N=C(F)(F)),C2H3F2NO2,,
O(CO)(N=C(F)(Cl)),C2H3ClFNO2,,
N(C=C(F)(F))(O),C2H3F2NO,,
N(C=C(F)(Cl))(O),C2H3ClFNO,,
C(C(F))(F)(I),C2H3F2I,,
C(c1c(F)cccc1)(N),C7H8FN,,
C(c1c(F)c(F)ccc1)(N),C7H7F2N,,
C(c1c(F)c(F)c(F)cc1)(N),C7H6F3N,,
N(N)(=N(C(F))),CH4FN3,,
N(N)(=N(C(F)(F))),CH3F2N3,,
C(C(F))(C)(C#C)(F),C5H6F2,,
C(C(F)(F))(C)(C#C)(F),C5H5F3,,
CS(N)(N)(S(C(F)(F))),C2H8F2N2S2,,
N(c1cc(F)ccc1)(N),C6H7FN2,,
N(c1c(F)c(F)ccc1)(N),C6H6F2N2,,
C(C(F))(CO)(N)(O),C3H8FNO2,,
C(C(F)(F))(CO)(N)(O),C3H7F2NO2,,
C(=C(F))(S)(S),C2H3FS2,,
C(=C(F)(F))(S)(S),C2H2F2S2,,
C(c1ccccc1)(C=C(F))(C=C),C11H11F,,
C(c1ccccc1)(C=C(F)(F))(C=C),C11H10F2,,
C(C(F)O)([NH3+]),C2H7FNO+,,
C(C(F)(F)O)([NH3+]),C2H6F2NO+,,
C(C(F))(c1ccccc1)(c1ccccc1),C14H13F,,
C(C(F)(F))(c1ccccc1)(c1ccccc1),C14H12F2,,
C(F)(F)(=N(F)),CF3N,,
C(F)(F)(=N(Cl)),CClF2N,,
C(C(F))(P),C2H6FP,,
C(C(F)(F))(P),C2H5F2P,,
C(C(F))(O)(O)(O),C2H5FO3,,
C(C(F)(F))(O)(O)(O),C2H4F2O3,,
S(C(F))(C#C),C3H3FS,,
S(C(F)(F))(C#C),C3H2F2S,,
C(C=C(F))(=O)(S),C3H3FOS,,
C(C=C(F)(F))(=O)(S),C3H2F2OS,,
C(C=C(F))(F)(F),C3H3F3,,
C(C=C(F)(F))(F)(F),C3H2F4,,
O(N=C(F)),CH2FNO,,
O(N=C(F)(F)),CHF2NO,,
C(O(F))(O),CH3FO2,,
C(O(F))(O(F)),CH2F2O2,,
C(C(F))(CO)(=N),C3H6FNO,,
C(C(F)(F))(CO)(=N),C3H5F2NO,,
C(N)(O(F))(=O),CH2FNO2,,
C(N(F))(O(F))(=O),CHF2NO2,,
N(C(F))(CO)(O),C2H6FNO2,,
N(C(F)(F))(CO)(O),C2H5F2NO2,,
N(C)(C=C(F))(C=C),C5H8FN,,
N(C)(C=C(F)(F))(C=C),C5H7F2N,,
C(C(F))(C)(F)(N=C),C4H7F2N,,
C(C(F)(F))(C)(F)(N=C),C4H6F3N,,
O(C(F))(N),CH4FNO,,
O(C(F)(F))(N),CH3F2NO,,
N(S(F)),H2FNS,,
N(S(Cl)),H2ClNS,,
C(C=C(F))(#N),C3H2FN,,
C(C=C(F)(F))(#N),C3HF2N,,
C(C#C(F))(O)(=O),C3HFO2,,
C(C#C(F))(O(F))(=O),C3F2O2,,
N(C(F)O)(c1ccccc1),C7H8FNO,,
N(C(F)(F)O)(c1ccccc1),C7H7F2NO,,
N(C(F)S),CH4FNS,,
N(C(F)(F)S),CH3F2NS,,
C(C(F))(S)(S),C2H5FS2,,
C(C(F)(F))(S)(S),C2H4F2S2,,
N(C(F))(N),CH5FN2,,
N(C(F)(F))(N),CH4F2N2,,
N(C(F))(F)(F),CH2F3N,,
C(N(F))(N)(=O),CH3FN2O,,
O(P(F)),H2FOP,,
C(F)(F)(F)(N(F)),CHF4N,,
O(=C(F)),CHFO,,
C(c1ccccc1)(#C(F)),C8H5F,,
N(CO)(=C(F)),C2H4FNO,,
C(C(F))(=N)(S),C2H4FNS,,
C(C(F))(c1ccccc1)(F),C8H8F2,,
C(c1ccccc1)(=C(F))(F),C8H6F2,,
C(C)(c1ccccc1)(C=C(F))(F),C10H10F2,,
N(C)(C)(C=C(F)),C4H8FN,,
O(=P(F)),FOP,,
S(C)(C=C(F))(=O),C3H5FOS,,
CS(C(F))(N)(S(C)),C3H10FNS2,,
C(C(F))(F)(F)(P),C2H4F3P,,
C(O(F))(=O),CHFO2,,
O(N(F)),H2FNO,,
C(=C(F))(F)(S),C2H2F2S,,
N(C(F))(=N),CH3FN2,,
C(=N)(N=C(F)),C2H3FN2,,
C(CO)(#C(F)),C3H3FO,,
C(N)(=N(F))(S),CH3FN2S,,
C(C=C(F))(=N)(O),C3H4FNO,,
C(C=C)(#C(F)),C4H3F,,
C(C(F))(F)(F)([NH3+]),C2H5F3N+,,
